Date,Time,Software,Action,Version,ID,Denial Message
not_provided,11:29:36,(ARCGIS),OUT:,"Editor",jjose@SGH227R9PC,
not_provided,11:29:36,(ARCGIS),OUT:,"VBA",jjose@SGH227R9PC,
not_provided,11:29:47,(ARCGIS),OUT:,"Editor",jjose@SGH227R9PC,
not_provided,11:29:47,(ARCGIS),OUT:,"VBA",jjose@SGH227R9PC,
not_provided,11:29:53,(ARCGIS),OUT:,"Editor",smoodley@SGH227R9P2,
not_provided,11:29:53,(ARCGIS),OUT:,"VBA",smoodley@SGH227R9P2,
not_provided,11:29:57,(ARCGIS),OUT:,"Editor",snaidoo@SGH227R9PB,
not_provided,11:29:57,(ARCGIS),OUT:,"VBA",snaidoo@SGH227R9PB,
not_provided,11:30:01,(ARCGIS),UNSUPPORTED:,"Tracking",rvrooyen@SGH227R9PD,License server system does not support this feature. ,
not_provided,11:30:08,(ARCGIS),OUT:,"Editor",ralmeida@SGH402P41Y,
not_provided,11:30:08,(ARCGIS),OUT:,"VBA",ralmeida@SGH402P41Y,
not_provided,11:30:13,(ARCGIS),OUT:,"Editor",ralmeida@SGH402P41Y,
not_provided,11:30:13,(ARCGIS),OUT:,"VBA",ralmeida@SGH402P41Y,
not_provided,11:30:27,(ARCGIS),OUT:,"Editor",ralmeida@SGH402P41Y,
not_provided,11:30:27,(ARCGIS),OUT:,"VBA",ralmeida@SGH402P41Y,
not_provided,11:30:33,(ARCGIS),OUT:,"ARC/INFO",mcuevas@SGH227R9P8,
not_provided,11:30:33,(ARCGIS),OUT:,"VBA",mcuevas@SGH227R9P8,
not_provided,11:30:46,(ARCGIS),OUT:,"Editor",asawant@SGH227R9PF,
not_provided,11:30:46,(ARCGIS),OUT:,"VBA",asawant@SGH227R9PF,
not_provided,11:30:47,(ARCGIS),OUT:,"Editor",pshih@SGH227R9P9,
not_provided,11:30:47,(ARCGIS),OUT:,"VBA",pshih@SGH227R9P9,
not_provided,11:30:55,(ARCGIS),OUT:,"Editor",rzhang@SGH227R9P3,
not_provided,11:30:55,(ARCGIS),OUT:,"VBA",rzhang@SGH227R9P3,
not_provided,11:30:56,(ARCGIS),DENIED:,"ARC/INFO",mpatel1@SGH227R9P6,Checkout exceeds MAX specified in options file. ,
not_provided,11:30:56,(ARCGIS),DENIED:,"ARC/INFO",mpatel1@SGH227R9P6,Checkout exceeds MAX specified in options file. ,
not_provided,11:30:56,(ARCGIS),OUT:,"VBA",mpatel1@SGH227R9P6,
not_provided,11:31:06,(ARCGIS),UNSUPPORTED:,"Tracking",rvrooyen@SGH227R9PD,License server system does not support this feature. ,
not_provided,11:31:10,(ARCGIS),OUT:,"Editor",jjose@SGH227R9PC,
not_provided,11:31:10,(ARCGIS),OUT:,"VBA",jjose@SGH227R9PC,
not_provided,11:31:16,(ARCGIS),OUT:,"Editor",pshih@SGH227R9P9,
not_provided,11:31:16,(ARCGIS),OUT:,"VBA",pshih@SGH227R9P9,
not_provided,11:31:18,(ARCGIS),OUT:,"Editor",rvrooyen@SGH227R9PD,
not_provided,11:31:18,(ARCGIS),OUT:,"VBA",rvrooyen@SGH227R9PD,
not_provided,11:31:27,(ARCGIS),OUT:,"Viewer",cbroadbe@SGH448T6H1,
not_provided,11:31:27,(ARCGIS),OUT:,"VBA",cbroadbe@SGH448T6H1,
not_provided,11:31:29,(ARCGIS),OUT:,"ARC/INFO",mcuevas@SGH227R9P8,
not_provided,11:31:29,(ARCGIS),OUT:,"VBA",mcuevas@SGH227R9P8,
not_provided,11:31:46,(ARCGIS),UNSUPPORTED:,"Tracking",rvrooyen@SGH227R9PD,License server system does not support this feature. ,
not_provided,11:31:58,(ARCGIS),OUT:,"Editor",rvrooyen@SGH227R9PD,
not_provided,11:31:58,(ARCGIS),OUT:,"VBA",rvrooyen@SGH227R9PD,
not_provided,11:32:56,(ARCGIS),OUT:,"ARC/INFO",mpatel1@SGH227R9P6,
not_provided,11:33:06,(ARCGIS),UNSUPPORTED:,"Tracking",rvrooyen@SGH227R9PD,License server system does not support this feature. ,
not_provided,11:33:26,(ARCGIS),OUT:,"Editor",rvrooyen@SGH227R9PD,
not_provided,11:33:27,(ARCGIS),OUT:,"VBA",rvrooyen@SGH227R9PD,
not_provided,11:33:28,(ARCGIS),UNSUPPORTED:,"Tracking",rvrooyen@SGH227R9PD,License server system does not support this feature. ,
not_provided,11:33:36,(ARCGIS),OUT:,"Editor",jjose@SGH227R9PC,
not_provided,11:33:36,(ARCGIS),OUT:,"VBA",jjose@SGH227R9PC,
not_provided,11:33:47,(ARCGIS),OUT:,"Editor",jjose@SGH227R9PC,
not_provided,11:33:47,(ARCGIS),OUT:,"VBA",jjose@SGH227R9PC,
not_provided,11:33:53,(ARCGIS),OUT:,"Editor",smoodley@SGH227R9P2,
not_provided,11:33:53,(ARCGIS),OUT:,"VBA",smoodley@SGH227R9P2,
not_provided,11:33:57,(ARCGIS),OUT:,"Editor",snaidoo@SGH227R9PB,
not_provided,11:33:57,(ARCGIS),OUT:,"VBA",snaidoo@SGH227R9PB,
not_provided,11:34:08,(ARCGIS),OUT:,"Editor",ralmeida@SGH402P41Y,
not_provided,11:34:08,(ARCGIS),OUT:,"VBA",ralmeida@SGH402P41Y,
not_provided,11:34:14,(ARCGIS),OUT:,"Editor",ralmeida@SGH402P41Y,
not_provided,11:34:14,(ARCGIS),OUT:,"VBA",ralmeida@SGH402P41Y,
not_provided,11:34:27,(ARCGIS),OUT:,"Editor",ralmeida@SGH402P41Y,
not_provided,11:34:27,(ARCGIS),OUT:,"VBA",ralmeida@SGH402P41Y,
not_provided,11:34:33,(ARCGIS),OUT:,"ARC/INFO",mcuevas@SGH227R9P8,
not_provided,11:34:33,(ARCGIS),OUT:,"VBA",mcuevas@SGH227R9P8,
not_provided,11:34:46,(ARCGIS),OUT:,"Editor",asawant@SGH227R9PF,
not_provided,11:34:46,(ARCGIS),OUT:,"VBA",asawant@SGH227R9PF,
not_provided,11:34:47,(ARCGIS),OUT:,"Editor",pshih@SGH227R9P9,
not_provided,11:34:47,(ARCGIS),OUT:,"VBA",pshih@SGH227R9P9,
not_provided,11:34:50,(ARCGIS),IN:,"VBA",rvrooyen@SGH227R9PD,
not_provided,11:34:50,(ARCGIS),IN:,"Editor",rvrooyen@SGH227R9PD,
not_provided,11:34:55,(ARCGIS),OUT:,"Editor",rzhang@SGH227R9P3,
not_provided,11:34:55,(ARCGIS),OUT:,"VBA",rzhang@SGH227R9P3,
not_provided,11:35:10,(ARCGIS),OUT:,"Editor",jjose@SGH227R9PC,
not_provided,11:35:10,(ARCGIS),OUT:,"VBA",jjose@SGH227R9PC,
not_provided,11:35:10,(ARCGIS),OUT:,"Editor",rvrooyen@SGH227R9PD,
not_provided,11:35:14,(ARCGIS),OUT:,"VBA",rvrooyen@SGH227R9PD,
not_provided,11:35:16,(ARCGIS),OUT:,"Editor",pshih@SGH227R9P9,
not_provided,11:35:16,(ARCGIS),OUT:,"VBA",pshih@SGH227R9P9,
not_provided,11:35:18,(ARCGIS),OUT:,"Editor",rvrooyen@SGH227R9PD,
not_provided,11:35:18,(ARCGIS),OUT:,"VBA",rvrooyen@SGH227R9PD,
not_provided,11:35:23,(ARCGIS),OUT:,"Editor",rvrooyen@SGH227R9PD,
not_provided,11:35:27,(ARCGIS),OUT:,"Viewer",cbroadbe@SGH448T6H1,
not_provided,11:35:27,(ARCGIS),OUT:,"VBA",cbroadbe@SGH448T6H1,
not_provided,11:35:29,(ARCGIS),OUT:,"ARC/INFO",mcuevas@SGH227R9P8,
not_provided,11:35:29,(ARCGIS),OUT:,"VBA",mcuevas@SGH227R9P8,
not_provided,11:35:48,(ARCGIS),UNSUPPORTED:,"Tracking",rvrooyen@SGH227R9PD,License server system does not support this feature. ,
not_provided,11:36:03,(ARCGIS),UNSUPPORTED:,"Tracking",rvrooyen@SGH227R9PD,License server system does not support this feature. ,
not_provided,11:36:21,(ARCGIS),OUT:,"Editor",rvrooyen@SGH227R9PD,
not_provided,11:36:21,(ARCGIS),OUT:,"VBA",rvrooyen@SGH227R9PD,
not_provided,11:36:22,(ARCGIS),UNSUPPORTED:,"Tracking",rvrooyen@SGH227R9PD,License server system does not support this feature. ,
not_provided,11:36:56,(ARCGIS),IN:,"ARC/INFO",mpatel1@SGH227R9P6,
not_provided,11:36:56,(ARCGIS),OUT:,"VBA",mpatel1@SGH227R9P6,
not_provided,11:37:04,(ARCGIS),UNSUPPORTED:,"Tracking",rvrooyen@SGH227R9PD,License server system does not support this feature. ,
not_provided,11:37:48,(ARCGIS),UNSUPPORTED:,"Tracking",rvrooyen@SGH227R9PD,License server system does not support this feature. ,
not_provided,11:37:51,(ARCGIS),OUT:,"Viewer",nperrie@5CG44804CX,
not_provided,11:38:01,(ARCGIS),UNSUPPORTED:,"Tracking",rvrooyen@SGH227R9PD,License server system does not support this feature. ,
not_provided,11:38:08,(ARCGIS),OUT:,"Editor",ralmeida@SGH402P41Y,
not_provided,11:38:08,(ARCGIS),OUT:,"VBA",ralmeida@SGH402P41Y,
not_provided,11:38:14,(ARCGIS),OUT:,"Editor",ralmeida@SGH402P41Y,
not_provided,11:38:14,(ARCGIS),OUT:,"VBA",ralmeida@SGH402P41Y,
not_provided,11:38:27,(ARCGIS),OUT:,"Editor",ralmeida@SGH402P41Y,
not_provided,11:38:28,(ARCGIS),OUT:,"VBA",ralmeida@SGH402P41Y,
not_provided,11:38:32,(ARCGIS),OUT:,"Editor",asawant@SGH227R9PF,
not_provided,11:38:33,(ARCGIS),OUT:,"ARC/INFO",mcuevas@SGH227R9P8,
not_provided,11:38:33,(ARCGIS),OUT:,"VBA",mcuevas@SGH227R9P8,
not_provided,11:38:35,(ARCGIS),OUT:,"VBA",asawant@SGH227R9PF,
not_provided,11:38:41,(ARCGIS),UNSUPPORTED:,"Tracking",asawant@SGH227R9PF,License server system does not support this feature. ,
not_provided,11:38:43,(ARCGIS),OUT:,"Editor",asawant@SGH227R9PF,
not_provided,11:38:46,(ARCGIS),OUT:,"Editor",asawant@SGH227R9PF,
not_provided,11:38:46,(ARCGIS),OUT:,"VBA",asawant@SGH227R9PF,
not_provided,11:38:47,(ARCGIS),OUT:,"Editor",pshih@SGH227R9P9,
not_provided,11:38:47,(ARCGIS),OUT:,"VBA",pshih@SGH227R9P9,
not_provided,11:38:48,(ARCGIS),UNSUPPORTED:,"Tracking",asawant@SGH227R9PF,License server system does not support this feature. ,
not_provided,11:38:56,(ARCGIS),OUT:,"Editor",rzhang@SGH227R9P3,
not_provided,11:38:56,(ARCGIS),OUT:,"VBA",rzhang@SGH227R9P3,
not_provided,11:38:56,(ARCGIS),OUT:,"ARC/INFO",mpatel1@SGH227R9P6,
not_provided,11:38:58,(ARCGIS),OUT:,"Editor",rvrooyen@SGH227R9PD,
not_provided,11:39:03,(ARCGIS),OUT:,"VBA",rvrooyen@SGH227R9PD,
not_provided,11:39:10,(ARCGIS),OUT:,"Editor",jjose@SGH227R9PC,
not_provided,11:39:10,(ARCGIS),OUT:,"VBA",jjose@SGH227R9PC,
not_provided,11:39:11,(ARCGIS),OUT:,"Editor",rvrooyen@SGH227R9PD,
not_provided,11:39:16,(ARCGIS),OUT:,"Editor",pshih@SGH227R9P9,
not_provided,11:39:16,(ARCGIS),OUT:,"VBA",pshih@SGH227R9P9,
not_provided,11:39:18,(ARCGIS),OUT:,"Editor",rvrooyen@SGH227R9PD,
not_provided,11:39:18,(ARCGIS),OUT:,"VBA",rvrooyen@SGH227R9PD,
not_provided,11:39:27,(ARCGIS),OUT:,"Viewer",cbroadbe@SGH448T6H1,
not_provided,11:39:27,(ARCGIS),OUT:,"VBA",cbroadbe@SGH448T6H1,
not_provided,11:39:29,(ARCGIS),OUT:,"ARC/INFO",mcuevas@SGH227R9P8,
not_provided,11:39:29,(ARCGIS),OUT:,"VBA",mcuevas@SGH227R9P8,
not_provided,11:39:29,(ARCGIS),UNSUPPORTED:,"Tracking",rvrooyen@SGH227R9PD,License server system does not support this feature. ,
not_provided,11:39:36,(ARCGIS),OUT:,"Editor",jjose@SGH227R9PC,
not_provided,11:39:36,(ARCGIS),OUT:,"VBA",jjose@SGH227R9PC,
not_provided,11:39:47,(ARCGIS),OUT:,"Editor",jjose@SGH227R9PC,
not_provided,11:39:47,(ARCGIS),OUT:,"VBA",jjose@SGH227R9PC,
not_provided,11:39:52,(ARCGIS),OUT:,"Viewer",nperrie@5CG44804CX,
not_provided,11:39:53,(ARCGIS),OUT:,"Editor",smoodley@SGH227R9P2,
not_provided,11:39:53,(ARCGIS),OUT:,"VBA",smoodley@SGH227R9P2,
not_provided,11:39:57,(ARCGIS),OUT:,"Editor",snaidoo@SGH227R9PB,
not_provided,11:39:57,(ARCGIS),OUT:,"VBA",snaidoo@SGH227R9PB,
not_provided,11:40:56,(ARCGIS),IN:,"ARC/INFO",mpatel1@SGH227R9P6,
not_provided,11:40:56,(ARCGIS),OUT:,"VBA",mpatel1@SGH227R9P6,
not_provided,11:41:10,(ARCGIS),UNSUPPORTED:,"Tracking",rzhang@SGH227R9P3,License server system does not support this feature. ,
not_provided,11:42:08,(ARCGIS),OUT:,"Editor",ralmeida@SGH402P41Y,
not_provided,11:42:08,(ARCGIS),OUT:,"VBA",ralmeida@SGH402P41Y,
not_provided,11:42:14,(ARCGIS),OUT:,"Editor",ralmeida@SGH402P41Y,
not_provided,11:42:14,(ARCGIS),OUT:,"VBA",ralmeida@SGH402P41Y,
not_provided,11:42:28,(ARCGIS),OUT:,"Editor",ralmeida@SGH402P41Y,
not_provided,11:42:28,(ARCGIS),OUT:,"VBA",ralmeida@SGH402P41Y,
not_provided,11:42:32,(ARCGIS),OUT:,"Editor",asawant@SGH227R9PF,
not_provided,11:42:32,(ARCGIS),OUT:,"VBA",asawant@SGH227R9PF,
not_provided,11:42:33,(ARCGIS),OUT:,"ARC/INFO",mcuevas@SGH227R9P8,
not_provided,11:42:33,(ARCGIS),OUT:,"VBA",mcuevas@SGH227R9P8,
not_provided,11:42:46,(ARCGIS),OUT:,"Editor",asawant@SGH227R9PF,
not_provided,11:42:46,(ARCGIS),OUT:,"VBA",asawant@SGH227R9PF,
not_provided,11:42:47,(ARCGIS),OUT:,"Editor",pshih@SGH227R9P9,
not_provided,11:42:47,(ARCGIS),OUT:,"VBA",pshih@SGH227R9P9,
not_provided,11:42:56,(ARCGIS),OUT:,"ARC/INFO",mpatel1@SGH227R9P6,
not_provided,11:42:58,(ARCGIS),OUT:,"Editor",rvrooyen@SGH227R9PD,
not_provided,11:42:58,(ARCGIS),OUT:,"VBA",rvrooyen@SGH227R9PD,
not_provided,11:43:10,(ARCGIS),OUT:,"Editor",jjose@SGH227R9PC,
not_provided,11:43:10,(ARCGIS),OUT:,"VBA",jjose@SGH227R9PC,
not_provided,11:43:16,(ARCGIS),OUT:,"Editor",pshih@SGH227R9P9,
not_provided,11:43:16,(ARCGIS),OUT:,"VBA",pshih@SGH227R9P9,
not_provided,11:43:18,(ARCGIS),OUT:,"Editor",rvrooyen@SGH227R9PD,
not_provided,11:43:18,(ARCGIS),OUT:,"VBA",rvrooyen@SGH227R9PD,
not_provided,11:43:27,(ARCGIS),OUT:,"Viewer",cbroadbe@SGH448T6H1,
not_provided,11:43:27,(ARCGIS),OUT:,"VBA",cbroadbe@SGH448T6H1,
not_provided,11:43:29,(ARCGIS),OUT:,"ARC/INFO",mcuevas@SGH227R9P8,
not_provided,11:43:29,(ARCGIS),OUT:,"VBA",mcuevas@SGH227R9P8,
not_provided,11:43:36,(ARCGIS),OUT:,"Editor",jjose@SGH227R9PC,
not_provided,11:43:36,(ARCGIS),OUT:,"VBA",jjose@SGH227R9PC,
not_provided,11:43:47,(ARCGIS),OUT:,"Editor",jjose@SGH227R9PC,
not_provided,11:43:47,(ARCGIS),OUT:,"VBA",jjose@SGH227R9PC,
not_provided,11:43:51,(ARCGIS),OUT:,"Viewer",nperrie@5CG44804CX,
not_provided,11:43:54,(ARCGIS),OUT:,"Editor",smoodley@SGH227R9P2,
not_provided,11:43:54,(ARCGIS),OUT:,"VBA",smoodley@SGH227R9P2,
not_provided,11:43:57,(ARCGIS),OUT:,"Editor",snaidoo@SGH227R9PB,
not_provided,11:43:57,(ARCGIS),OUT:,"VBA",snaidoo@SGH227R9PB,
not_provided,11:44:42,(ARCGIS),UNSUPPORTED:,"Tracking",rvrooyen@SGH227R9PD,License server system does not support this feature. ,
not_provided,11:44:53,(ARCGIS),OUT:,"ARC/INFO",mcuevas@SGH227R9P8,
not_provided,11:44:56,(ARCGIS),OUT:,"Editor",rzhang@SGH227R9P3,
not_provided,11:44:56,(ARCGIS),OUT:,"VBA",rzhang@SGH227R9P3,
not_provided,11:44:56,(ARCGIS),OUT:,"VBA",mcuevas@SGH227R9P8,
not_provided,11:44:56,(ARCGIS),IN:,"ARC/INFO",mpatel1@SGH227R9P6,
not_provided,11:44:56,(ARCGIS),OUT:,"VBA",mpatel1@SGH227R9P6,
not_provided,11:45:02,(ARCGIS),OUT:,"ARC/INFO",mcuevas@SGH227R9P8,
not_provided,11:45:07,(ARCGIS),UNSUPPORTED:,"Tracking",mcuevas@SGH227R9P8,License server system does not support this feature. ,
not_provided,11:45:49,(ARCGIS),UNSUPPORTED:,"Tracking",rvrooyen@SGH227R9PD,License server system does not support this feature. ,
not_provided,11:45:54,(ARCGIS),IN:,"VBA",asawant@SGH227R9PF,
not_provided,11:45:54,(ARCGIS),IN:,"Editor",asawant@SGH227R9PF,
not_provided,11:46:36,(ARCGIS),UNSUPPORTED:,"Tracking",rvrooyen@SGH227R9PD,License server system does not support this feature. ,
not_provided,11:46:56,(ARCGIS),IN:,"VBA",mpatel1@SGH227R9P6,
not_provided,11:46:56,(ARCGIS),OUT:,"ARC/INFO",mpatel1@SGH227R9P6,
not_provided,11:47:45,(ARCGIS),OUT:,"Editor",rvrooyen@SGH227R9PD,
not_provided,11:47:46,(ARCGIS),OUT:,"VBA",rvrooyen@SGH227R9PD,
not_provided,11:47:47,(ARCGIS),UNSUPPORTED:,"Tracking",rvrooyen@SGH227R9PD,License server system does not support this feature. ,
not_provided,11:48:10,(ARCGIS),UNSUPPORTED:,"Tracking",smoodley@SGH227R9P2,License server system does not support this feature. ,
not_provided,11:48:48,(ARCGIS),IN:,"VBA",rvrooyen@SGH227R9PD,
not_provided,11:48:48,(ARCGIS),IN:,"Editor",rvrooyen@SGH227R9PD,
not_provided,11:48:56,(ARCGIS),IN:,"ARC/INFO",mpatel1@SGH227R9P6,
not_provided,11:48:56,(ARCGIS),OUT:,"VBA",mpatel1@SGH227R9P6,
not_provided,11:49:25,(ARCGIS),OUT:,"Editor",rvrooyen@SGH227R9PD,
not_provided,11:49:25,(ARCGIS),OUT:,"VBA",rvrooyen@SGH227R9PD,
not_provided,11:49:27,(ARCGIS),UNSUPPORTED:,"Tracking",rvrooyen@SGH227R9PD,License server system does not support this feature. ,
not_provided,11:50:27,(ARCGIS),IN:,"VBA",rvrooyen@SGH227R9PD,
not_provided,11:50:27,(ARCGIS),IN:,"Editor",rvrooyen@SGH227R9PD,
not_provided,11:50:56,(ARCGIS),IN:,"VBA",mpatel1@SGH227R9P6,
not_provided,11:50:56,(ARCGIS),OUT:,"ARC/INFO",mpatel1@SGH227R9P6,
not_provided,11:52:23,(ARCGIS),OUT:,"Editor",rvrooyen@SGH227R9PD,
not_provided,11:52:24,(ARCGIS),OUT:,"VBA",rvrooyen@SGH227R9PD,
not_provided,11:52:25,(ARCGIS),UNSUPPORTED:,"Tracking",rvrooyen@SGH227R9PD,License server system does not support this feature. ,
not_provided,11:52:56,(ARCGIS),IN:,"ARC/INFO",mpatel1@SGH227R9P6,
not_provided,11:52:56,(ARCGIS),OUT:,"VBA",mpatel1@SGH227R9P6,
not_provided,11:54:24,(ARCGIS),UNSUPPORTED:,"Tracking",rvrooyen@SGH227R9PD,License server system does not support this feature. ,
not_provided,11:54:24,(ARCGIS),IN:,"VBA",mpatel1@SGH227R9P6,
not_provided,11:54:58,(ARCGIS),IN:,"VBA",rvrooyen@SGH227R9PD,
not_provided,11:54:58,(ARCGIS),IN:,"Editor",rvrooyen@SGH227R9PD,
not_provided,11:55:25,(ARCGIS),IN:,"VBA",rvrooyen@SGH227R9PD,
not_provided,11:55:25,(ARCGIS),IN:,"Editor",rvrooyen@SGH227R9PD,
not_provided,11:55:46,(ARCGIS),OUT:,"Editor",rvrooyen@SGH227R9PD,
not_provided,11:55:46,(ARCGIS),IN:,"Editor",rvrooyen@SGH227R9PD,
not_provided,11:55:47,(ARCGIS),OUT:,"Editor",rvrooyen@SGH227R9PD,
not_provided,11:58:54,(ARCGIS),OUT:,"ARC/INFO",mcuevas@SGH227R9P8,
not_provided,11:58:55,(ARCGIS),IN:,"ARC/INFO",mcuevas@SGH227R9P8,
not_provided,11:58:55,(ARCGIS),IN:,"VBA",mcuevas@SGH227R9P8,
not_provided,12:03:45,(ARCGIS),IN:,"Editor",rvrooyen@SGH227R9PD,
not_provided,12:03:48,(ARCGIS),OUT:,"ARC/INFO",rvrooyen@SGH227R9PD,
not_provided,12:04:23,(ARCGIS),IN:,"ARC/INFO",rvrooyen@SGH227R9PD,
not_provided,13:03:36,(ARCGIS),OUT:,"ARC/INFO",mcuevas@SGH227R9P8,
not_provided,13:03:39,(ARCGIS),OUT:,"VBA",mcuevas@SGH227R9P8,
not_provided,13:03:46,(ARCGIS),OUT:,"ARC/INFO",mcuevas@SGH227R9P8,
not_provided,13:04:06,(ARCGIS),UNSUPPORTED:,"Tracking",mcuevas@SGH227R9P8,License server system does not support this feature. ,
not_provided,13:18:54,(ARCGIS),UNSUPPORTED:,"Tracking",mcuevas@SGH227R9P8,License server system does not support this feature. ,
not_provided,13:19:57,(ARCGIS),OUT:,"Editor",rvrooyen@SGH227R9PD,
not_provided,13:20:01,(ARCGIS),OUT:,"VBA",rvrooyen@SGH227R9PD,
not_provided,13:20:09,(ARCGIS),OUT:,"Editor",rvrooyen@SGH227R9PD,
not_provided,13:20:27,(ARCGIS),UNSUPPORTED:,"Tracking",rvrooyen@SGH227R9PD,License server system does not support this feature. ,
not_provided,13:20:45,(ARCGIS),UNSUPPORTED:,"Tracking",rvrooyen@SGH227R9PD,License server system does not support this feature. ,
not_provided,13:21:25,(ARCGIS),UNSUPPORTED:,"Tracking",rvrooyen@SGH227R9PD,License server system does not support this feature. ,
not_provided,13:22:17,(ARCGIS),OUT:,"Editor",rvrooyen@SGH227R9PD,
not_provided,13:22:18,(ARCGIS),OUT:,"VBA",rvrooyen@SGH227R9PD,
not_provided,13:22:19,(ARCGIS),UNSUPPORTED:,"Tracking",rvrooyen@SGH227R9PD,License server system does not support this feature. ,
not_provided,13:22:54,(ARCGIS),IN:,"Editor",rvrooyen@SGH227R9PD,
not_provided,13:22:58,(ARCGIS),IN:,"VBA",rvrooyen@SGH227R9PD,
not_provided,13:22:58,(ARCGIS),IN:,"Editor",rvrooyen@SGH227R9PD,
not_provided,13:24:02,(ARCGIS),IN:,"VBA",rvrooyen@SGH227R9PD,
not_provided,13:24:02,(ARCGIS),IN:,"Editor",rvrooyen@SGH227R9PD,
not_provided,13:24:46,(ARCGIS),OUT:,"Editor",rvrooyen@SGH227R9PD,
not_provided,13:24:46,(ARCGIS),IN:,"Editor",rvrooyen@SGH227R9PD,
not_provided,13:24:46,(ARCGIS),OUT:,"Editor",rvrooyen@SGH227R9PD,
not_provided,13:27:46,(ARCGIS),OUT:,"ARC/INFO",mcuevas@SGH227R9P8,
not_provided,13:27:49,(ARCGIS),OUT:,"VBA",mcuevas@SGH227R9P8,
not_provided,13:27:55,(ARCGIS),OUT:,"ARC/INFO",mcuevas@SGH227R9P8,
not_provided,13:28:15,(ARCGIS),UNSUPPORTED:,"Tracking",mcuevas@SGH227R9P8,License server system does not support this feature. ,
not_provided,13:29:53,(ARCGIS),OUT:,"Editor",asawant@SGH227R9PF,
not_provided,13:29:56,(ARCGIS),OUT:,"VBA",asawant@SGH227R9PF,
not_provided,13:30:19,(ARCGIS),UNSUPPORTED:,"Tracking",asawant@SGH227R9PF,License server system does not support this feature. ,
not_provided,13:30:28,(ARCGIS),OUT:,"Editor",asawant@SGH227R9PF,
not_provided,13:32:37,(ARCGIS),IN:,"Editor",rvrooyen@SGH227R9PD,
not_provided,13:32:39,(ARCGIS),OUT:,"ARC/INFO",rvrooyen@SGH227R9PD,
not_provided,13:33:14,(ARCGIS),IN:,"ARC/INFO",rvrooyen@SGH227R9PD,
not_provided,13:33:25,(ARCGIS),OUT:,"ARC/INFO",mcuevas@SGH227R9P8,
not_provided,13:33:28,(ARCGIS),OUT:,"VBA",mcuevas@SGH227R9P8,
not_provided,13:33:34,(ARCGIS),OUT:,"ARC/INFO",mcuevas@SGH227R9P8,
not_provided,13:33:53,(ARCGIS),UNSUPPORTED:,"Tracking",mcuevas@SGH227R9P8,License server system does not support this feature. ,
not_provided,13:39:18,(ARCGIS),OUT:,"ARC/INFO",mpatel1@SGH227R9P6,
not_provided,13:39:19,(ARCGIS),OUT:,"VBA",mpatel1@SGH227R9P6,
not_provided,13:39:20,(ARCGIS),UNSUPPORTED:,"Tracking",mpatel1@SGH227R9P6,License server system does not support this feature. ,
not_provided,13:45:15,(ARCGIS),IN:,"ARC/INFO",mcuevas@SGH227R9P8,
not_provided,13:49:23,(ARCGIS),IN:,"ARC/INFO",mpatel1@SGH227R9P6,
not_provided,13:49:23,(ARCGIS),IN:,"VBA",mpatel1@SGH227R9P6,
not_provided,13:49:28,(ARCGIS),OUT:,"ARC/INFO",mpatel1@SGH227R9P6,
not_provided,13:49:28,(ARCGIS),OUT:,"VBA",mpatel1@SGH227R9P6,
not_provided,13:49:29,(ARCGIS),UNSUPPORTED:,"Tracking",mpatel1@SGH227R9P6,License server system does not support this feature. ,
not_provided,13:59:07,(ARCGIS),IN:,"ARC/INFO",mcuevas@SGH227R9P8,
not_provided,14:00:28,(ARCGIS),OUT:,"Editor",rzhang@SGH227R9P3,
not_provided,14:00:29,(ARCGIS),OUT:,"VBA",rzhang@SGH227R9P3,
not_provided,14:00:29,(ARCGIS),UNSUPPORTED:,"Tracking",rzhang@SGH227R9P3,License server system does not support this feature. ,
not_provided,14:01:12,(ARCGIS),OUT:,"Editor",rvrooyen@SGH227R9PD,
not_provided,14:01:17,(ARCGIS),OUT:,"VBA",rvrooyen@SGH227R9PD,
not_provided,14:01:25,(ARCGIS),OUT:,"Editor",rvrooyen@SGH227R9PD,
not_provided,14:01:29,(ARCGIS),OUT:,"Editor",rvrooyen@SGH227R9PD,
not_provided,14:01:29,(ARCGIS),OUT:,"VBA",rvrooyen@SGH227R9PD,
not_provided,14:01:30,(ARCGIS),UNSUPPORTED:,"Tracking",rvrooyen@SGH227R9PD,License server system does not support this feature. ,
not_provided,14:01:30,(ARCGIS),OUT:,"Editor",rvrooyen@SGH227R9PD,
not_provided,14:01:30,(ARCGIS),OUT:,"VBA",rvrooyen@SGH227R9PD,
not_provided,14:01:31,(ARCGIS),UNSUPPORTED:,"Tracking",rvrooyen@SGH227R9PD,License server system does not support this feature. ,
not_provided,14:01:39,(ARCGIS),IN:,"VBA",rvrooyen@SGH227R9PD,
not_provided,14:01:39,(ARCGIS),IN:,"Editor",rvrooyen@SGH227R9PD,
not_provided,14:01:41,(ARCGIS),IN:,"VBA",rvrooyen@SGH227R9PD,
not_provided,14:01:41,(ARCGIS),IN:,"Editor",rvrooyen@SGH227R9PD,
not_provided,14:01:57,(ARCGIS),UNSUPPORTED:,"Tracking",rvrooyen@SGH227R9PD,License server system does not support this feature. ,
not_provided,14:02:16,(ARCGIS),UNSUPPORTED:,"Tracking",rvrooyen@SGH227R9PD,License server system does not support this feature. ,
not_provided,14:05:27,(ARCGIS),UNSUPPORTED:,"Tracking",rvrooyen@SGH227R9PD,License server system does not support this feature. ,
not_provided,14:08:15,(ARCGIS),UNSUPPORTED:,"Tracking",rvrooyen@SGH227R9PD,License server system does not support this feature. ,
not_provided,14:09:39,(ARCGIS),IN:,"VBA",mpatel1@SGH227R9P6,
not_provided,14:09:39,(ARCGIS),IN:,"ARC/INFO",mpatel1@SGH227R9P6,
not_provided,14:09:44,(ARCGIS),OUT:,"ARC/INFO",mpatel1@SGH227R9P6,
not_provided,14:09:48,(ARCGIS),IN:,"Viewer",nperrie@5CG44804CX,
not_provided,14:10:39,(ARCGIS),OUT:,"VBA",mpatel1@SGH227R9P6,
not_provided,14:10:42,(ARCGIS),OUT:,"Publisher",mpatel1@SGH227R9P6,
not_provided,14:10:48,(ARCGIS),OUT:,"ARC/INFO",mpatel1@SGH227R9P6,
not_provided,14:11:16,(ARCGIS),UNSUPPORTED:,"Tracking",mpatel1@SGH227R9P6,License server system does not support this feature. ,
not_provided,14:12:44,(ARCGIS),UNSUPPORTED:,"Tracking",rvrooyen@SGH227R9PD,License server system does not support this feature. ,
not_provided,14:13:29,(ARCGIS),UNSUPPORTED:,"Tracking",rvrooyen@SGH227R9PD,License server system does not support this feature. ,
not_provided,14:14:50,(ARCGIS),UNSUPPORTED:,"Tracking",rvrooyen@SGH227R9PD,License server system does not support this feature. ,
not_provided,14:15:54,(ARCGIS),OUT:,"Editor",asawant@SGH227R9PF,
not_provided,14:15:57,(ARCGIS),OUT:,"VBA",asawant@SGH227R9PF,
not_provided,14:16:05,(ARCGIS),OUT:,"Editor",asawant@SGH227R9PF,
not_provided,14:17:26,(ARCGIS),IN:,"ARC/INFO",mpatel1@SGH227R9P6,
not_provided,14:17:28,(ARCGIS),IN:,"VBA",mpatel1@SGH227R9P6,
not_provided,14:17:28,(ARCGIS),IN:,"ARC/INFO",mpatel1@SGH227R9P6,
not_provided,14:17:28,(ARCGIS),IN:,"Publisher",mpatel1@SGH227R9P6,
not_provided,14:23:48,(ARCGIS),UNSUPPORTED:,"Tracking",smoodley@SGH227R9P2,License server system does not support this feature. ,
not_provided,14:23:50,(ARCGIS),OUT:,"ARC/INFO",mpatel1@SGH227R9P6,
not_provided,14:24:44,(ARCGIS),OUT:,"VBA",mpatel1@SGH227R9P6,
not_provided,14:24:46,(ARCGIS),OUT:,"Publisher",mpatel1@SGH227R9P6,
not_provided,14:24:51,(ARCGIS),OUT:,"ARC/INFO",mpatel1@SGH227R9P6,
not_provided,14:24:52,(ARCGIS),OUT:,"VBA",mpatel1@SGH227R9P6,
not_provided,14:24:52,(ARCGIS),OUT:,"ARC/INFO",mpatel1@SGH227R9P6,
not_provided,14:24:53,(ARCGIS),UNSUPPORTED:,"Tracking",mpatel1@SGH227R9P6,License server system does not support this feature. ,
not_provided,14:25:16,(ARCGIS),UNSUPPORTED:,"Tracking",mpatel1@SGH227R9P6,License server system does not support this feature. ,
not_provided,14:26:12,(ARCGIS),UNSUPPORTED:,"Tracking",rvrooyen@SGH227R9PD,License server system does not support this feature. ,
not_provided,14:28:14,(ARCGIS),IN:,"ARC/INFO",mpatel1@SGH227R9P6,
not_provided,14:28:14,(ARCGIS),IN:,"VBA",mpatel1@SGH227R9P6,
not_provided,14:28:14,(ARCGIS),IN:,"ARC/INFO",mpatel1@SGH227R9P6,
not_provided,14:28:14,(ARCGIS),IN:,"Publisher",mpatel1@SGH227R9P6,
not_provided,14:28:29,(ARCGIS),UNSUPPORTED:,"Tracking",smoodley@SGH227R9P2,License server system does not support this feature. ,
not_provided,14:29:03,(ARCGIS),OUT:,"ARC/INFO",mpatel1@SGH227R9P6,
not_provided,14:34:55,(ARCGIS),IN:,"Editor",asawant@SGH227R9PF,
not_provided,14:34:56,(ARCGIS),IN:,"VBA",asawant@SGH227R9PF,
not_provided,14:34:56,(ARCGIS),IN:,"Editor",asawant@SGH227R9PF,
not_provided,14:35:26,(ARCGIS),IN:,"ARC/INFO",mpatel1@SGH227R9P6,
not_provided,14:35:27,(ARCGIS),IN:,"VBA",mpatel1@SGH227R9P6,
not_provided,14:35:27,(ARCGIS),IN:,"ARC/INFO",mpatel1@SGH227R9P6,
not_provided,14:40:58,(ARCGIS),UNSUPPORTED:,"Tracking",rvrooyen@SGH227R9PD,License server system does not support this feature. ,
not_provided,14:41:23,(ARCGIS),OUT:,"ARC/INFO",mpatel1@SGH227R9P6,
not_provided,14:42:16,(ARCGIS),OUT:,"VBA",mpatel1@SGH227R9P6,
not_provided,14:42:18,(ARCGIS),OUT:,"Publisher",mpatel1@SGH227R9P6,
not_provided,14:42:24,(ARCGIS),OUT:,"ARC/INFO",mpatel1@SGH227R9P6,
not_provided,14:42:38,(ARCGIS),IN:,"VBA",mcuevas@SGH227R9P8,
not_provided,14:42:38,(ARCGIS),IN:,"ARC/INFO",mcuevas@SGH227R9P8,
not_provided,14:43:40,(ARCGIS),UNSUPPORTED:,"Tracking",mpatel1@SGH227R9P6,License server system does not support this feature. ,
not_provided,14:45:24,(ARCGIS),UNSUPPORTED:,"Tracking",rvrooyen@SGH227R9PD,License server system does not support this feature. ,
not_provided,14:46:58,(ARCGIS),UNSUPPORTED:,"Tracking",rvrooyen@SGH227R9PD,License server system does not support this feature. ,
not_provided,14:47:42,(ARCGIS),UNSUPPORTED:,"Tracking",smoodley@SGH227R9P2,License server system does not support this feature. ,
not_provided,14:48:43,(ARCGIS),UNSUPPORTED:,"Tracking",rvrooyen@SGH227R9PD,License server system does not support this feature. ,
not_provided,14:49:44,(ARCGIS),UNSUPPORTED:,"Tracking",rvrooyen@SGH227R9PD,License server system does not support this feature. ,
not_provided,14:49:53,(ARCGIS),IN:,"ARC/INFO",mpatel1@SGH227R9P6,
not_provided,14:49:54,(ARCGIS),IN:,"VBA",mpatel1@SGH227R9P6,
not_provided,14:49:54,(ARCGIS),IN:,"ARC/INFO",mpatel1@SGH227R9P6,
not_provided,14:49:54,(ARCGIS),IN:,"Publisher",mpatel1@SGH227R9P6,
not_provided,14:49:58,(ARCGIS),OUT:,"ARC/INFO",mpatel1@SGH227R9P6,
not_provided,14:50:52,(ARCGIS),OUT:,"VBA",mpatel1@SGH227R9P6,
not_provided,14:50:54,(ARCGIS),OUT:,"Publisher",mpatel1@SGH227R9P6,
not_provided,14:51:00,(ARCGIS),OUT:,"ARC/INFO",mpatel1@SGH227R9P6,
not_provided,14:51:29,(ARCGIS),UNSUPPORTED:,"Tracking",mpatel1@SGH227R9P6,License server system does not support this feature. ,
not_provided,14:51:48,(ARCGIS),UNSUPPORTED:,"Tracking",mpatel1@SGH227R9P6,License server system does not support this feature. ,
not_provided,14:52:24,(ARCGIS),UNSUPPORTED:,"Tracking",mpatel1@SGH227R9P6,License server system does not support this feature. ,
not_provided,14:52:58,(ARCGIS),UNSUPPORTED:,"Tracking",mpatel1@SGH227R9P6,License server system does not support this feature. ,
not_provided,14:54:10,(ARCGIS),UNSUPPORTED:,"Tracking",smoodley@SGH227R9P2,License server system does not support this feature. ,
not_provided,14:57:27,(ARCGIS),UNSUPPORTED:,"Tracking",mpatel1@SGH227R9P6,License server system does not support this feature. ,
not_provided,14:57:54,(ARCGIS),IN:,"VBA",cbroadbe@SGH448T6H1,
not_provided,14:57:54,(ARCGIS),IN:,"Viewer",cbroadbe@SGH448T6H1,
not_provided,15:00:36,(ARCGIS),UNSUPPORTED:,"Tracking",mpatel1@SGH227R9P6,License server system does not support this feature. ,
not_provided,15:00:51,(ARCGIS),UNSUPPORTED:,"Tracking",mpatel1@SGH227R9P6,License server system does not support this feature. ,
not_provided,15:03:16,(ARCGIS),UNSUPPORTED:,"Tracking",mpatel1@SGH227R9P6,License server system does not support this feature. ,
not_provided,15:03:56,(ARCGIS),UNSUPPORTED:,"Tracking",rvrooyen@SGH227R9PD,License server system does not support this feature. ,
not_provided,15:03:59,(ARCGIS),IN:,"ARC/INFO",mcuevas@SGH227R9P8,
not_provided,15:04:13,(ARCGIS),UNSUPPORTED:,"Tracking",rvrooyen@SGH227R9PD,License server system does not support this feature. ,
not_provided,15:04:26,(ARCGIS),UNSUPPORTED:,"Tracking",rvrooyen@SGH227R9PD,License server system does not support this feature. ,
not_provided,15:05:09,(ARCGIS),UNSUPPORTED:,"Tracking",rvrooyen@SGH227R9PD,License server system does not support this feature. ,
not_provided,15:05:16,(ARCGIS),UNSUPPORTED:,"Tracking",rvrooyen@SGH227R9PD,License server system does not support this feature. ,
not_provided,15:07:15,(ARCGIS),UNSUPPORTED:,"Tracking",mpatel1@SGH227R9P6,License server system does not support this feature. ,
not_provided,15:07:54,(ARCGIS),UNSUPPORTED:,"Tracking",mpatel1@SGH227R9P6,License server system does not support this feature. ,
not_provided,15:09:08,(ARCGIS),UNSUPPORTED:,"Tracking",mpatel1@SGH227R9P6,License server system does not support this feature. ,
not_provided,15:09:32,(ARCGIS),UNSUPPORTED:,"Tracking",rvrooyen@SGH227R9PD,License server system does not support this feature. ,
not_provided,15:10:12,(ARCGIS),UNSUPPORTED:,"Tracking",rvrooyen@SGH227R9PD,License server system does not support this feature. ,
not_provided,15:10:47,(ARCGIS),UNSUPPORTED:,"Tracking",mpatel1@SGH227R9P6,License server system does not support this feature. ,
not_provided,15:11:13,(ARCGIS),UNSUPPORTED:,"Tracking",mpatel1@SGH227R9P6,License server system does not support this feature. ,
not_provided,15:11:28,(ARCGIS),UNSUPPORTED:,"Tracking",rvrooyen@SGH227R9PD,License server system does not support this feature. ,
not_provided,15:11:39,(ARCGIS),UNSUPPORTED:,"Tracking",rvrooyen@SGH227R9PD,License server system does not support this feature. ,
not_provided,15:11:42,(ARCGIS),UNSUPPORTED:,"Tracking",mpatel1@SGH227R9P6,License server system does not support this feature. ,
not_provided,15:11:46,(ARCGIS),UNSUPPORTED:,"Tracking",rvrooyen@SGH227R9PD,License server system does not support this feature. ,
not_provided,15:12:07,(ARCGIS),IN:,"VBA",rvrooyen@SGH227R9PD,
not_provided,15:12:07,(ARCGIS),IN:,"Editor",rvrooyen@SGH227R9PD,
not_provided,15:12:14,(ARCGIS),IN:,"VBA",rvrooyen@SGH227R9PD,
not_provided,15:12:14,(ARCGIS),IN:,"Editor",rvrooyen@SGH227R9PD,
not_provided,15:12:27,(ARCGIS),UNSUPPORTED:,"Tracking",smoodley@SGH227R9P2,License server system does not support this feature. ,
not_provided,15:12:45,(ARCGIS),UNSUPPORTED:,"Tracking",mpatel1@SGH227R9P6,License server system does not support this feature. ,
not_provided,15:12:56,(ARCGIS),OUT:,"Editor",rvrooyen@SGH227R9PD,
not_provided,15:13:00,(ARCGIS),OUT:,"VBA",rvrooyen@SGH227R9PD,
not_provided,15:13:08,(ARCGIS),OUT:,"Editor",rvrooyen@SGH227R9PD,
not_provided,15:13:35,(ARCGIS),UNSUPPORTED:,"Tracking",smoodley@SGH227R9P2,License server system does not support this feature. ,
not_provided,15:14:43,(ARCGIS),OUT:,"Editor",rvrooyen@SGH227R9PD,
not_provided,15:14:43,(ARCGIS),OUT:,"VBA",rvrooyen@SGH227R9PD,
not_provided,15:14:45,(ARCGIS),UNSUPPORTED:,"Tracking",rvrooyen@SGH227R9PD,License server system does not support this feature. ,
not_provided,15:15:34,(ARCGIS),IN:,"VBA",rvrooyen@SGH227R9PD,
not_provided,15:15:34,(ARCGIS),IN:,"Editor",rvrooyen@SGH227R9PD,
not_provided,15:15:42,(ARCGIS),UNSUPPORTED:,"Tracking",smoodley@SGH227R9P2,License server system does not support this feature. ,
not_provided,15:15:56,(ARCGIS),OUT:,"Viewer",nperrie@5CG44804CX,
not_provided,15:17:13,(ARCGIS),UNSUPPORTED:,"Tracking",rvrooyen@SGH227R9PD,License server system does not support this feature. ,
not_provided,15:17:40,(ARCGIS),UNSUPPORTED:,"Tracking",rvrooyen@SGH227R9PD,License server system does not support this feature. ,
not_provided,15:18:04,(ARCGIS),IN:,"Editor",rvrooyen@SGH227R9PD,
not_provided,15:18:05,(ARCGIS),IN:,"VBA",rvrooyen@SGH227R9PD,
not_provided,15:18:05,(ARCGIS),IN:,"Editor",rvrooyen@SGH227R9PD,
not_provided,15:18:12,(ARCGIS),OUT:,"Editor",rvrooyen@SGH227R9PD,
not_provided,15:18:13,(ARCGIS),OUT:,"VBA",rvrooyen@SGH227R9PD,
not_provided,15:18:14,(ARCGIS),UNSUPPORTED:,"Tracking",rvrooyen@SGH227R9PD,License server system does not support this feature. ,
not_provided,15:20:55,(ARCGIS),UNSUPPORTED:,"Tracking",smoodley@SGH227R9P2,License server system does not support this feature. ,
not_provided,15:22:36,(ARCGIS),IN:,"VBA",rvrooyen@SGH227R9PD,
not_provided,15:22:36,(ARCGIS),IN:,"Editor",rvrooyen@SGH227R9PD,
not_provided,15:22:42,(ARCGIS),OUT:,"Editor",rvrooyen@SGH227R9PD,
not_provided,15:22:42,(ARCGIS),IN:,"Editor",rvrooyen@SGH227R9PD,
not_provided,15:22:43,(ARCGIS),OUT:,"Editor",rvrooyen@SGH227R9PD,
not_provided,15:22:45,(ARCGIS),IN:,"Editor",rvrooyen@SGH227R9PD,
not_provided,15:23:03,(ARCGIS),OUT:,"Editor",rvrooyen@SGH227R9PD,
not_provided,15:23:08,(ARCGIS),OUT:,"VBA",rvrooyen@SGH227R9PD,
not_provided,15:23:16,(ARCGIS),OUT:,"Editor",rvrooyen@SGH227R9PD,
not_provided,15:23:43,(ARCGIS),UNSUPPORTED:,"Tracking",mpatel1@SGH227R9P6,License server system does not support this feature. ,
not_provided,15:24:04,(ARCGIS),IN:,"Editor",rvrooyen@SGH227R9PD,
not_provided,15:24:05,(ARCGIS),IN:,"VBA",rvrooyen@SGH227R9PD,
not_provided,15:24:05,(ARCGIS),IN:,"Editor",rvrooyen@SGH227R9PD,
not_provided,15:28:08,(ARCGIS),IN:,"ARC/INFO",mcuevas@SGH227R9P8,
not_provided,15:28:47,(ARCGIS),UNSUPPORTED:,"Tracking",smoodley@SGH227R9P2,License server system does not support this feature. ,
not_provided,15:29:33,(ARCGIS),UNSUPPORTED:,"Tracking",smoodley@SGH227R9P2,License server system does not support this feature. ,
not_provided,15:30:41,(ARCGIS),IN:,"Editor",asawant@SGH227R9PF,
not_provided,15:31:42,(ARCGIS),DENIED:,"ARC/INFO",rvrooyen@SGH227R9PD,Licensed number of users already reached. ,
not_provided,15:31:42,(ARCGIS),DENIED:,"ARC/INFO",rvrooyen@SGH227R9PD,Licensed number of users already reached. ,
not_provided,15:31:42,(ARCGIS),OUT:,"Editor",rvrooyen@SGH227R9PD,
not_provided,15:32:07,(ARCGIS),OUT:,"Editor",rvrooyen@SGH227R9PD,
not_provided,15:32:07,(ARCGIS),OUT:,"VBA",rvrooyen@SGH227R9PD,
not_provided,15:32:09,(ARCGIS),UNSUPPORTED:,"Tracking",rvrooyen@SGH227R9PD,License server system does not support this feature. ,
not_provided,15:33:16,(ARCGIS),IN:,"Editor",rvrooyen@SGH227R9PD,
not_provided,15:33:18,(ARCGIS),DENIED:,"ARC/INFO",rvrooyen@SGH227R9PD,Licensed number of users already reached. ,
not_provided,15:33:18,(ARCGIS),DENIED:,"ARC/INFO",rvrooyen@SGH227R9PD,Licensed number of users already reached. ,
not_provided,15:33:18,(ARCGIS),OUT:,"Editor",rvrooyen@SGH227R9PD,
not_provided,15:33:47,(ARCGIS),IN:,"ARC/INFO",mcuevas@SGH227R9P8,
not_provided,15:37:55,(ARCGIS),IN:,"VBA",rvrooyen@SGH227R9PD,
not_provided,15:37:55,(ARCGIS),IN:,"Editor",rvrooyen@SGH227R9PD,
not_provided,15:38:02,(ARCGIS),OUT:,"Editor",rvrooyen@SGH227R9PD,
not_provided,15:38:02,(ARCGIS),OUT:,"VBA",rvrooyen@SGH227R9PD,
not_provided,15:38:03,(ARCGIS),UNSUPPORTED:,"Tracking",rvrooyen@SGH227R9PD,License server system does not support this feature. ,
not_provided,15:38:17,(ARCGIS),IN:,"VBA",asawant@SGH227R9PF,
not_provided,15:38:17,(ARCGIS),IN:,"Editor",asawant@SGH227R9PF,
not_provided,15:38:17,(ARCGIS),IN:,"VBA",rvrooyen@SGH227R9PD,
not_provided,15:38:17,(ARCGIS),IN:,"Editor",rvrooyen@SGH227R9PD,
not_provided,15:38:33,(ARCGIS),IN:,"Editor",rvrooyen@SGH227R9PD,
not_provided,15:38:35,(ARCGIS),IN:,"VBA",mcuevas@SGH227R9P8,
not_provided,15:38:35,(ARCGIS),IN:,"ARC/INFO",mcuevas@SGH227R9P8,
not_provided,15:38:39,(ARCGIS),OUT:,"Editor",rvrooyen@SGH227R9PD,
not_provided,15:38:39,(ARCGIS),OUT:,"VBA",rvrooyen@SGH227R9PD,
not_provided,15:38:40,(ARCGIS),IN:,"VBA",mcuevas@SGH227R9P8,
not_provided,15:38:40,(ARCGIS),IN:,"ARC/INFO",mcuevas@SGH227R9P8,
not_provided,15:38:40,(ARCGIS),UNSUPPORTED:,"Tracking",rvrooyen@SGH227R9PD,License server system does not support this feature. ,
not_provided,15:38:43,(ARCGIS),IN:,"VBA",mcuevas@SGH227R9P8,
not_provided,15:38:43,(ARCGIS),IN:,"ARC/INFO",mcuevas@SGH227R9P8,
not_provided,15:38:47,(ARCGIS),IN:,"VBA",mcuevas@SGH227R9P8,
not_provided,15:38:47,(ARCGIS),IN:,"ARC/INFO",mcuevas@SGH227R9P8,
not_provided,15:42:28,(ARCGIS),OUT:,"ARC/INFO",rvrooyen@SGH227R9PD,
not_provided,15:44:47,(ARCGIS),IN:,"VBA",rvrooyen@SGH227R9PD,
not_provided,15:44:47,(ARCGIS),IN:,"Editor",rvrooyen@SGH227R9PD,
not_provided,15:44:51,(ARCGIS),OUT:,"Editor",rvrooyen@SGH227R9PD,
not_provided,15:44:51,(ARCGIS),UNSUPPORTED:,"Tracking",mpatel1@SGH227R9P6,License server system does not support this feature. ,
not_provided,15:44:52,(ARCGIS),OUT:,"VBA",rvrooyen@SGH227R9PD,
not_provided,15:44:53,(ARCGIS),UNSUPPORTED:,"Tracking",rvrooyen@SGH227R9PD,License server system does not support this feature. ,
not_provided,15:44:57,(ARCGIS),UNSUPPORTED:,"Tracking",mpatel1@SGH227R9P6,License server system does not support this feature. ,
not_provided,15:45:04,(ARCGIS),IN:,"VBA",rvrooyen@SGH227R9PD,
not_provided,15:45:04,(ARCGIS),IN:,"Editor",rvrooyen@SGH227R9PD,
not_provided,15:45:05,(ARCGIS),OUT:,"Viewer",rzhang@SGH227R9P3,
not_provided,15:45:05,(ARCGIS),IN:,"Viewer",rzhang@SGH227R9P3,
not_provided,15:45:21,(ARCGIS),UNSUPPORTED:,"Tracking",asawant@SGH227R9PF,License server system does not support this feature. ,
not_provided,15:51:04,(ARCGIS),DENIED:,"ARC/INFO",mcuevas@SGH227R9P8,Licensed number of users already reached. ,
not_provided,15:51:04,(ARCGIS),DENIED:,"ARC/INFO",mcuevas@SGH227R9P8,Licensed number of users already reached. ,
not_provided,15:51:52,(ARCGIS),OUT:,"Editor",rvrooyen@SGH227R9PD,
not_provided,15:51:53,(ARCGIS),OUT:,"VBA",rvrooyen@SGH227R9PD,
not_provided,15:51:54,(ARCGIS),UNSUPPORTED:,"Tracking",rvrooyen@SGH227R9PD,License server system does not support this feature. ,
not_provided,15:51:56,(ARCGIS),OUT:,"Editor",mcuevas@SGH227R9P8,
not_provided,15:51:56,(ARCGIS),OUT:,"VBA",mcuevas@SGH227R9P8,
not_provided,15:51:59,(ARCGIS),UNSUPPORTED:,"Tracking",mcuevas@SGH227R9P8,License server system does not support this feature. ,
not_provided,15:51:59,(ARCGIS),OUT:,"Editor",mcuevas@SGH227R9P8,
not_provided,15:52:36,(ARCGIS),UNSUPPORTED:,"Tracking",smoodley@SGH227R9P2,License server system does not support this feature. ,
not_provided,15:52:39,(ARCGIS),IN:,"VBA",snaidoo@SGH227R9PB,
not_provided,15:52:39,(ARCGIS),IN:,"Editor",snaidoo@SGH227R9PB,
not_provided,15:52:40,(ARCGIS),IN:,"ARC/INFO",rvrooyen@SGH227R9PD,
not_provided,15:52:46,(ARCGIS),IN:,"VBA",rvrooyen@SGH227R9PD,
not_provided,15:52:46,(ARCGIS),IN:,"Editor",rvrooyen@SGH227R9PD,
not_provided,15:52:47,(ARCGIS),OUT:,"ARC/INFO",rvrooyen@SGH227R9PD,
not_provided,15:57:11,(ARCGIS),OUT:,"Editor",rvrooyen@SGH227R9PD,
not_provided,15:57:11,(ARCGIS),OUT:,"VBA",rvrooyen@SGH227R9PD,
not_provided,15:57:12,(ARCGIS),UNSUPPORTED:,"Tracking",rvrooyen@SGH227R9PD,License server system does not support this feature. ,
not_provided,15:57:28,(ARCGIS),IN:,"VBA",rvrooyen@SGH227R9PD,
not_provided,15:57:28,(ARCGIS),IN:,"Editor",rvrooyen@SGH227R9PD,
not_provided,16:00:14,(ARCGIS),UNSUPPORTED:,"Tracking",smoodley@SGH227R9P2,License server system does not support this feature. ,
not_provided,16:01:38,(ARCGIS),IN:,"Editor",rvrooyen@SGH227R9PD,
not_provided,16:06:51,(ARCGIS),OUT:,"Editor",rvrooyen@SGH227R9PD,
not_provided,16:06:51,(ARCGIS),OUT:,"VBA",rvrooyen@SGH227R9PD,
not_provided,16:06:52,(ARCGIS),UNSUPPORTED:,"Tracking",rvrooyen@SGH227R9PD,License server system does not support this feature. ,
not_provided,16:06:59,(ARCGIS),IN:,"VBA",rvrooyen@SGH227R9PD,
not_provided,16:06:59,(ARCGIS),IN:,"Editor",rvrooyen@SGH227R9PD,
not_provided,16:07:16,(ARCGIS),OUT:,"Editor",mcuevas@SGH227R9P8,
not_provided,16:07:19,(ARCGIS),OUT:,"VBA",mcuevas@SGH227R9P8,
not_provided,16:07:24,(ARCGIS),OUT:,"Editor",mcuevas@SGH227R9P8,
not_provided,16:07:39,(ARCGIS),UNSUPPORTED:,"Tracking",mpatel1@SGH227R9P6,License server system does not support this feature. ,
not_provided,16:08:10,(ARCGIS),OUT:,"Editor",rvrooyen@SGH227R9PD,
not_provided,16:08:10,(ARCGIS),OUT:,"VBA",rvrooyen@SGH227R9PD,
not_provided,16:08:11,(ARCGIS),UNSUPPORTED:,"Tracking",rvrooyen@SGH227R9PD,License server system does not support this feature. ,
not_provided,16:08:31,(ARCGIS),IN:,"VBA",rvrooyen@SGH227R9PD,
not_provided,16:08:31,(ARCGIS),IN:,"Editor",rvrooyen@SGH227R9PD,
not_provided,16:08:49,(ARCGIS),UNSUPPORTED:,"Tracking",mcuevas@SGH227R9P8,License server system does not support this feature. ,
not_provided,16:10:13,(ARCGIS),UNSUPPORTED:,"Tracking",mpatel1@SGH227R9P6,License server system does not support this feature. ,
not_provided,16:10:25,(ARCGIS),IN:,"ARC/INFO",rvrooyen@SGH227R9PD,
not_provided,16:10:55,(ARCGIS),UNSUPPORTED:,"Tracking",mcuevas@SGH227R9P8,License server system does not support this feature. ,
not_provided,16:11:04,(ARCGIS),UNSUPPORTED:,"Tracking",smoodley@SGH227R9P2,License server system does not support this feature. ,
not_provided,16:11:23,(ARCGIS),UNSUPPORTED:,"Tracking",smoodley@SGH227R9P2,License server system does not support this feature. ,
not_provided,16:12:23,(ARCGIS),UNSUPPORTED:,"Tracking",smoodley@SGH227R9P2,License server system does not support this feature. ,
not_provided,16:12:31,(ARCGIS),IN:,"Editor",mcuevas@SGH227R9P8,
not_provided,16:12:32,(ARCGIS),IN:,"VBA",mcuevas@SGH227R9P8,
not_provided,16:12:32,(ARCGIS),IN:,"Editor",mcuevas@SGH227R9P8,
not_provided,16:12:50,(ARCGIS),IN:,"Editor",mcuevas@SGH227R9P8,
not_provided,16:12:50,(ARCGIS),IN:,"Editor",mcuevas@SGH227R9P8,
not_provided,16:12:50,(ARCGIS),IN:,"VBA",mcuevas@SGH227R9P8,
not_provided,16:13:59,(ARCGIS),OUT:,"ARC/INFO",rvrooyen@SGH227R9PD,
not_provided,16:14:04,(ARCGIS),UNSUPPORTED:,"Tracking",mpatel1@SGH227R9P6,License server system does not support this feature. ,
not_provided,16:14:25,(ARCGIS),UNSUPPORTED:,"Tracking",mpatel1@SGH227R9P6,License server system does not support this feature. ,
not_provided,16:14:53,(ARCGIS),UNSUPPORTED:,"Tracking",mpatel1@SGH227R9P6,License server system does not support this feature. ,
not_provided,16:20:13,(ARCGIS),OUT:,"Editor",rvrooyen@SGH227R9PD,
not_provided,16:20:13,(ARCGIS),OUT:,"VBA",rvrooyen@SGH227R9PD,
not_provided,16:20:14,(ARCGIS),UNSUPPORTED:,"Tracking",rvrooyen@SGH227R9PD,License server system does not support this feature. ,
not_provided,16:21:30,(ARCGIS),UNSUPPORTED:,"Tracking",mpatel1@SGH227R9P6,License server system does not support this feature. ,
not_provided,16:22:21,(ARCGIS),UNSUPPORTED:,"Tracking",mpatel1@SGH227R9P6,License server system does not support this feature. ,
not_provided,16:22:46,(ARCGIS),IN:,"ARC/INFO",rvrooyen@SGH227R9PD,
not_provided,16:22:58,(ARCGIS),IN:,"VBA",smoodley@SGH227R9P2,
not_provided,16:22:58,(ARCGIS),IN:,"Editor",smoodley@SGH227R9P2,
not_provided,16:23:05,(ARCGIS),UNSUPPORTED:,"Tracking",mpatel1@SGH227R9P6,License server system does not support this feature. ,
not_provided,16:23:17,(ARCGIS),OUT:,"Editor",rvrooyen@SGH227R9PD,
not_provided,16:23:17,(ARCGIS),IN:,"Editor",rvrooyen@SGH227R9PD,
not_provided,16:23:17,(ARCGIS),OUT:,"Editor",rvrooyen@SGH227R9PD,
not_provided,16:23:20,(ARCGIS),IN:,"Editor",rvrooyen@SGH227R9PD,
not_provided,16:29:21,(ARCGIS),UNSUPPORTED:,"Tracking",mpatel1@SGH227R9P6,License server system does not support this feature. ,
not_provided,16:30:37,(ARCGIS),IN:,"VBA",rvrooyen@SGH227R9PD,
not_provided,16:30:37,(ARCGIS),IN:,"Editor",rvrooyen@SGH227R9PD,
not_provided,16:40:41,(ARCGIS),IN:,"ARC/INFO",mpatel1@SGH227R9P6,
not_provided,16:40:42,(ARCGIS),IN:,"VBA",mpatel1@SGH227R9P6,
not_provided,16:40:42,(ARCGIS),IN:,"ARC/INFO",mpatel1@SGH227R9P6,
not_provided,16:40:42,(ARCGIS),IN:,"Publisher",mpatel1@SGH227R9P6,
not_provided,16:40:47,(ARCGIS),OUT:,"ARC/INFO",mpatel1@SGH227R9P6,
not_provided,16:40:47,(ARCGIS),OUT:,"VBA",mpatel1@SGH227R9P6,
not_provided,16:40:49,(ARCGIS),UNSUPPORTED:,"Tracking",mpatel1@SGH227R9P6,License server system does not support this feature. ,
not_provided,16:41:12,(ARCGIS),IN:,"VBA",mpatel1@SGH227R9P6,
not_provided,16:41:12,(ARCGIS),IN:,"ARC/INFO",mpatel1@SGH227R9P6,
not_provided,16:45:26,(ARCGIS),IN:,"VBA",ralmeida@SGH402P41Y,
not_provided,16:45:26,(ARCGIS),IN:,"Editor",ralmeida@SGH402P41Y,
not_provided,16:46:47,(ARCGIS),IN:,"VBA",asawant@SGH227R9PF,
not_provided,16:46:47,(ARCGIS),IN:,"Editor",asawant@SGH227R9PF,
not_provided,16:51:00,(ARCGIS),IN:,"VBA",ralmeida@SGH402P41Y,
not_provided,16:51:00,(ARCGIS),IN:,"Editor",ralmeida@SGH402P41Y,
not_provided,16:51:13,(ARCGIS),IN:,"Editor",pshih@SGH227R9P9,
not_provided,16:51:13,(ARCGIS),IN:,"VBA",pshih@SGH227R9P9,
not_provided,16:51:32,(ARCGIS),IN:,"VBA",pshih@SGH227R9P9,
not_provided,16:51:32,(ARCGIS),IN:,"Editor",pshih@SGH227R9P9,
not_provided,16:53:02,(ARCGIS),IN:,"VBA",ralmeida@SGH402P41Y,
not_provided,16:53:02,(ARCGIS),IN:,"Editor",ralmeida@SGH402P41Y,
not_provided,16:53:59,(ARCGIS),IN:,"VBA",rzhang@SGH227R9P3,
not_provided,16:53:59,(ARCGIS),IN:,"Editor",rzhang@SGH227R9P3,
not_provided,16:54:06,(ARCGIS),IN:,"VBA",rzhang@SGH227R9P3,
not_provided,16:54:06,(ARCGIS),IN:,"Editor",rzhang@SGH227R9P3,
not_provided,16:54:18,(ARCGIS),IN:,"Viewer",nperrie@5CG44804CX,
not_provided,17:12:15,(ARCGIS),IN:,"VBA",jjose@SGH227R9PC,
not_provided,17:12:15,(ARCGIS),IN:,"Editor",jjose@SGH227R9PC,
not_provided,17:12:18,(ARCGIS),IN:,"VBA",jjose@SGH227R9PC,
not_provided,17:12:18,(ARCGIS),IN:,"Editor",jjose@SGH227R9PC,
not_provided,17:12:20,(ARCGIS),IN:,"VBA",jjose@SGH227R9PC,
not_provided,17:12:20,(ARCGIS),IN:,"Editor",jjose@SGH227R9PC,
09/10/15,7:58:00,(ARCGIS),OUT:,"Editor",RZhang@SGH227R9P3,
09/10/15,7:58:07,(ARCGIS),OUT:,"VBA",RZhang@SGH227R9P3,
09/10/15,7:58:26,(ARCGIS),OUT:,"Editor",RZhang@SGH227R9P3,
09/10/15,7:58:32,(ARCGIS),OUT:,"Editor",pshih@SGH227R9P9,
09/10/15,7:58:33,(ARCGIS),OUT:,"VBA",pshih@SGH227R9P9,
09/10/15,7:58:35,(ARCGIS),UNSUPPORTED:,"Tracking",pshih@SGH227R9P9,License server system does not support this feature. ,
09/10/15,7:58:44,(ARCGIS),UNSUPPORTED:,"Tracking",RZhang@SGH227R9P3,License server system does not support this feature. ,
09/10/15,7:59:14,(ARCGIS),OUT:,"Editor",smoodley@SGH227R9P2,
09/10/15,7:59:17,(ARCGIS),OUT:,"Editor",pshih@SGH227R9P9,
09/10/15,7:59:21,(ARCGIS),OUT:,"VBA",smoodley@SGH227R9P2,
09/10/15,7:59:22,(ARCGIS),OUT:,"VBA",pshih@SGH227R9P9,
09/10/15,7:59:35,(ARCGIS),OUT:,"Editor",smoodley@SGH227R9P2,
09/10/15,7:59:38,(ARCGIS),OUT:,"Editor",pshih@SGH227R9P9,
09/10/15,8:00:17,(ARCGIS),UNSUPPORTED:,"StandardEngine",pshih@SGH227R9P9,License server system does not support this feature. ,
09/10/15,8:00:17,(ARCGIS),UNSUPPORTED:,"GDBEdit",pshih@SGH227R9P9,License server system does not support this feature. ,
09/10/15,8:00:17,(ARCGIS),OUT:,"Viewer",pshih@SGH227R9P9,
09/10/15,8:00:17,(ARCGIS),IN:,"Viewer",pshih@SGH227R9P9,
09/10/15,8:00:23,(ARCGIS),UNSUPPORTED:,"Tracking",smoodley@SGH227R9P2,License server system does not support this feature. ,
09/10/15,8:00:28,(ARCGIS),OUT:,"Viewer",pshih@SGH227R9P9,
09/10/15,8:01:10,(ARCGIS),OUT:,"Editor",rvrooyen@SGH227R9PD,
09/10/15,8:01:26,(ARCGIS),OUT:,"VBA",rvrooyen@SGH227R9PD,
09/10/15,8:01:44,(ARCGIS),OUT:,"Editor",rvrooyen@SGH227R9PD,
09/10/15,8:03:02,(ARCGIS),OUT:,"Editor",ralmeida@SGH402P41Y,
09/10/15,8:03:11,(ARCGIS),OUT:,"VBA",ralmeida@SGH402P41Y,
09/10/15,8:04:30,(ARCGIS),UNSUPPORTED:,"Tracking",ralmeida@SGH402P41Y,License server system does not support this feature. ,
09/10/15,8:07:51,(ARCGIS),IN:,"Viewer",pshih@SGH227R9P9,
09/10/15,8:08:46,(ARCGIS),IN:,"Editor",pshih@SGH227R9P9,
09/10/15,8:08:46,(ARCGIS),IN:,"Editor",pshih@SGH227R9P9,
09/10/15,8:08:46,(ARCGIS),IN:,"VBA",pshih@SGH227R9P9,
09/10/15,8:08:52,(ARCGIS),OUT:,"Editor",pshih@SGH227R9P9,
09/10/15,8:08:56,(ARCGIS),OUT:,"VBA",pshih@SGH227R9P9,
09/10/15,8:09:04,(ARCGIS),OUT:,"Editor",pshih@SGH227R9P9,
09/10/15,8:09:19,(ARCGIS),IN:,"Editor",pshih@SGH227R9P9,
09/10/15,8:09:19,(ARCGIS),IN:,"Editor",pshih@SGH227R9P9,
09/10/15,8:09:19,(ARCGIS),IN:,"VBA",pshih@SGH227R9P9,
09/10/15,8:10:07,(ARCGIS),UNSUPPORTED:,"StandardEngine",pshih@SGH227R9P9,License server system does not support this feature. ,
09/10/15,8:10:07,(ARCGIS),UNSUPPORTED:,"GDBEdit",pshih@SGH227R9P9,License server system does not support this feature. ,
09/10/15,8:10:07,(ARCGIS),OUT:,"Viewer",pshih@SGH227R9P9,
09/10/15,8:10:07,(ARCGIS),IN:,"Viewer",pshih@SGH227R9P9,
09/10/15,8:10:18,(ARCGIS),OUT:,"Viewer",pshih@SGH227R9P9,
09/10/15,8:11:29,(ARCGIS),IN:,"Viewer",pshih@SGH227R9P9,
09/10/15,8:11:48,(ARCGIS),OUT:,"Editor",pshih@SGH227R9P9,
09/10/15,8:11:51,(ARCGIS),OUT:,"VBA",pshih@SGH227R9P9,
09/10/15,8:11:59,(ARCGIS),OUT:,"Editor",pshih@SGH227R9P9,
09/10/15,8:12:10,(ARCGIS),IN:,"Editor",pshih@SGH227R9P9,
09/10/15,8:12:10,(ARCGIS),IN:,"Editor",pshih@SGH227R9P9,
09/10/15,8:12:10,(ARCGIS),IN:,"VBA",pshih@SGH227R9P9,
09/10/15,8:12:45,(ARCGIS),UNSUPPORTED:,"StandardEngine",pshih@SGH227R9P9,License server system does not support this feature. ,
09/10/15,8:12:45,(ARCGIS),UNSUPPORTED:,"GDBEdit",pshih@SGH227R9P9,License server system does not support this feature. ,
09/10/15,8:12:45,(ARCGIS),OUT:,"Viewer",pshih@SGH227R9P9,
09/10/15,8:12:45,(ARCGIS),IN:,"Viewer",pshih@SGH227R9P9,
09/10/15,8:12:56,(ARCGIS),OUT:,"Viewer",pshih@SGH227R9P9,
09/10/15,8:13:11,(ARCGIS),IN:,"Viewer",pshih@SGH227R9P9,
09/10/15,8:13:27,(ARCGIS),OUT:,"Editor",pshih@SGH227R9P9,
09/10/15,8:13:30,(ARCGIS),OUT:,"VBA",pshih@SGH227R9P9,
09/10/15,8:13:38,(ARCGIS),OUT:,"Editor",pshih@SGH227R9P9,
09/10/15,8:13:50,(ARCGIS),IN:,"Editor",pshih@SGH227R9P9,
09/10/15,8:13:50,(ARCGIS),IN:,"Editor",pshih@SGH227R9P9,
09/10/15,8:13:50,(ARCGIS),IN:,"VBA",pshih@SGH227R9P9,
09/10/15,8:13:59,(ARCGIS),OUT:,"Editor",pshih@SGH227R9P9,
09/10/15,8:14:02,(ARCGIS),OUT:,"VBA",pshih@SGH227R9P9,
09/10/15,8:14:09,(ARCGIS),OUT:,"Editor",pshih@SGH227R9P9,
09/10/15,8:14:21,(ARCGIS),IN:,"Editor",pshih@SGH227R9P9,
09/10/15,8:14:21,(ARCGIS),OUT:,"Editor",rvrooyen@SGH227R9PD,
09/10/15,8:14:21,(ARCGIS),IN:,"Editor",pshih@SGH227R9P9,
09/10/15,8:14:21,(ARCGIS),IN:,"VBA",pshih@SGH227R9P9,
09/10/15,8:14:21,(ARCGIS),OUT:,"VBA",rvrooyen@SGH227R9PD,
09/10/15,8:14:23,(ARCGIS),UNSUPPORTED:,"Tracking",rvrooyen@SGH227R9PD,License server system does not support this feature. ,
09/10/15,8:14:45,(ARCGIS),OUT:,"Editor",rvrooyen@SGH227R9PD,
09/10/15,8:14:49,(ARCGIS),OUT:,"VBA",rvrooyen@SGH227R9PD,
09/10/15,8:14:57,(ARCGIS),OUT:,"Editor",rvrooyen@SGH227R9PD,
09/10/15,8:15:15,(ARCGIS),UNSUPPORTED:,"Tracking",rvrooyen@SGH227R9PD,License server system does not support this feature. ,
09/10/15,8:15:42,(ARCGIS),UNSUPPORTED:,"StandardEngine",pshih@SGH227R9P9,License server system does not support this feature. ,
09/10/15,8:15:42,(ARCGIS),UNSUPPORTED:,"GDBEdit",pshih@SGH227R9P9,License server system does not support this feature. ,
09/10/15,8:15:42,(ARCGIS),OUT:,"Viewer",pshih@SGH227R9P9,
09/10/15,8:15:42,(ARCGIS),IN:,"Viewer",pshih@SGH227R9P9,
09/10/15,8:15:53,(ARCGIS),OUT:,"Viewer",pshih@SGH227R9P9,
09/10/15,8:16:59,(ARCGIS),UNSUPPORTED:,"Tracking",rvrooyen@SGH227R9PD,License server system does not support this feature. ,
09/10/15,8:17:08,(ARCGIS),UNSUPPORTED:,"Tracking",rvrooyen@SGH227R9PD,License server system does not support this feature. ,
09/10/15,8:17:18,(ARCGIS),OUT:,"Editor",pshih@SGH227R9P9,
09/10/15,8:17:21,(ARCGIS),OUT:,"VBA",pshih@SGH227R9P9,
09/10/15,8:17:29,(ARCGIS),OUT:,"Editor",pshih@SGH227R9P9,
09/10/15,8:17:41,(ARCGIS),IN:,"Editor",pshih@SGH227R9P9,
09/10/15,8:17:41,(ARCGIS),IN:,"Editor",pshih@SGH227R9P9,
09/10/15,8:17:41,(ARCGIS),IN:,"VBA",pshih@SGH227R9P9,
09/10/15,8:19:21,(ARCGIS),IN:,"Viewer",pshih@SGH227R9P9,
09/10/15,8:20:43,(ARCGIS),OUT:,"Editor",ctapp@AUD23904Y1,
09/10/15,8:20:49,(ARCGIS),IN:,"Editor",rvrooyen@SGH227R9PD,
09/10/15,8:20:52,(ARCGIS),IN:,"VBA",rvrooyen@SGH227R9PD,
09/10/15,8:20:52,(ARCGIS),IN:,"Editor",rvrooyen@SGH227R9PD,
09/10/15,8:20:53,(ARCGIS),OUT:,"VBA",ctapp@AUD23904Y1,
09/10/15,8:20:54,(ARCGIS),IN:,"VBA",rvrooyen@SGH227R9PD,
09/10/15,8:20:54,(ARCGIS),IN:,"Editor",rvrooyen@SGH227R9PD,
09/10/15,8:20:58,(ARCGIS),IN:,"Editor",rvrooyen@SGH227R9PD,
09/10/15,8:20:59,(ARCGIS),IN:,"VBA",rvrooyen@SGH227R9PD,
09/10/15,8:20:59,(ARCGIS),IN:,"Editor",rvrooyen@SGH227R9PD,
09/10/15,8:21:27,(ARCGIS),OUT:,"Editor",ctapp@AUD23904Y1,
09/10/15,8:21:29,(ARCGIS),OUT:,"Editor",rvrooyen@SGH227R9PD,
09/10/15,8:21:29,(ARCGIS),OUT:,"VBA",rvrooyen@SGH227R9PD,
09/10/15,8:21:30,(ARCGIS),UNSUPPORTED:,"Tracking",rvrooyen@SGH227R9PD,License server system does not support this feature. ,
09/10/15,8:23:57,(ARCGIS),OUT:,"Editor",pshih@SGH227R9P9,
09/10/15,8:24:00,(ARCGIS),OUT:,"VBA",pshih@SGH227R9P9,
09/10/15,8:24:03,(ARCGIS),IN:,"Editor",ctapp@AUD23904Y1,
09/10/15,8:24:05,(ARCGIS),IN:,"VBA",ctapp@AUD23904Y1,
09/10/15,8:24:05,(ARCGIS),IN:,"Editor",ctapp@AUD23904Y1,
09/10/15,8:24:08,(ARCGIS),OUT:,"Editor",pshih@SGH227R9P9,
09/10/15,8:24:10,(ARCGIS),OUT:,"Editor",ctapp@AUD23904Y1,
09/10/15,8:24:13,(ARCGIS),OUT:,"VBA",ctapp@AUD23904Y1,
09/10/15,8:24:21,(ARCGIS),OUT:,"Editor",ctapp@AUD23904Y1,
09/10/15,8:24:43,(ARCGIS),UNSUPPORTED:,"Tracking",pshih@SGH227R9P9,License server system does not support this feature. ,
09/10/15,8:26:51,(ARCGIS),IN:,"Editor",pshih@SGH227R9P9,
09/10/15,8:26:52,(ARCGIS),IN:,"Editor",pshih@SGH227R9P9,
09/10/15,8:26:52,(ARCGIS),IN:,"VBA",pshih@SGH227R9P9,
09/10/15,8:28:07,(ARCGIS),UNSUPPORTED:,"Tracking",smoodley@SGH227R9P2,License server system does not support this feature. ,
09/10/15,8:30:37,(ARCGIS),OUT:,"ARC/INFO",mpatel1@SGH227R9P6,
09/10/15,8:30:53,(ARCGIS),OUT:,"VBA",mpatel1@SGH227R9P6,
09/10/15,8:30:58,(ARCGIS),OUT:,"Publisher",mpatel1@SGH227R9P6,
09/10/15,8:31:09,(ARCGIS),OUT:,"ARC/INFO",mpatel1@SGH227R9P6,
09/10/15,8:33:11,(ARCGIS),UNSUPPORTED:,"Tracking",mpatel1@SGH227R9P6,License server system does not support this feature. ,
09/10/15,8:38:22,(ARCGIS),OUT:,"Editor",pshih@SGH227R9P9,
09/10/15,8:38:26,(ARCGIS),OUT:,"VBA",pshih@SGH227R9P9,
09/10/15,8:38:34,(ARCGIS),UNSUPPORTED:,"Tracking",pshih@SGH227R9P9,License server system does not support this feature. ,
09/10/15,8:38:53,(ARCGIS),IN:,"Editor",pshih@SGH227R9P9,
09/10/15,8:38:53,(ARCGIS),IN:,"VBA",pshih@SGH227R9P9,
09/10/15,8:40:36,(ARCGIS),OUT:,"Editor",pshih@SGH227R9P9,
09/10/15,8:40:40,(ARCGIS),OUT:,"VBA",pshih@SGH227R9P9,
09/10/15,8:40:47,(ARCGIS),OUT:,"Editor",pshih@SGH227R9P9,
09/10/15,8:42:06,(ARCGIS),UNSUPPORTED:,"Tracking",pshih@SGH227R9P9,License server system does not support this feature. ,
09/10/15,8:42:53,(ARCGIS),IN:,"Editor",pshih@SGH227R9P9,
09/10/15,8:42:53,(ARCGIS),IN:,"Editor",pshih@SGH227R9P9,
09/10/15,8:42:53,(ARCGIS),IN:,"VBA",pshih@SGH227R9P9,
09/10/15,8:43:04,(ARCGIS),OUT:,"Editor",pshih@SGH227R9P9,
09/10/15,8:43:07,(ARCGIS),OUT:,"VBA",pshih@SGH227R9P9,
09/10/15,8:43:16,(ARCGIS),OUT:,"Editor",pshih@SGH227R9P9,
09/10/15,8:43:17,(ARCGIS),IN:,"Editor",pshih@SGH227R9P9,
09/10/15,8:43:17,(ARCGIS),IN:,"Editor",pshih@SGH227R9P9,
09/10/15,8:43:17,(ARCGIS),IN:,"VBA",pshih@SGH227R9P9,
09/10/15,8:43:21,(ARCGIS),OUT:,"Editor",pshih@SGH227R9P9,
09/10/15,8:43:24,(ARCGIS),OUT:,"VBA",pshih@SGH227R9P9,
09/10/15,8:43:32,(ARCGIS),OUT:,"Editor",pshih@SGH227R9P9,
09/10/15,8:43:33,(ARCGIS),IN:,"Editor",pshih@SGH227R9P9,
09/10/15,8:43:33,(ARCGIS),IN:,"Editor",pshih@SGH227R9P9,
09/10/15,8:43:33,(ARCGIS),IN:,"VBA",pshih@SGH227R9P9,
09/10/15,8:47:34,(ARCGIS),OUT:,"Editor",pshih@SGH227R9P9,
09/10/15,8:47:37,(ARCGIS),OUT:,"VBA",pshih@SGH227R9P9,
09/10/15,8:47:45,(ARCGIS),OUT:,"Editor",pshih@SGH227R9P9,
09/10/15,8:50:45,(ARCGIS),IN:,"Editor",pshih@SGH227R9P9,
09/10/15,8:50:45,(ARCGIS),IN:,"Editor",pshih@SGH227R9P9,
09/10/15,8:50:45,(ARCGIS),IN:,"VBA",pshih@SGH227R9P9,
09/10/15,8:50:51,(ARCGIS),OUT:,"Editor",pshih@SGH227R9P9,
09/10/15,8:50:55,(ARCGIS),OUT:,"VBA",pshih@SGH227R9P9,
09/10/15,8:50:57,(ARCGIS),UNSUPPORTED:,"Tracking",RZhang@SGH227R9P3,License server system does not support this feature. ,
09/10/15,8:51:01,(ARCGIS),UNSUPPORTED:,"Tracking",mpatel1@SGH227R9P6,License server system does not support this feature. ,
09/10/15,8:51:02,(ARCGIS),OUT:,"Editor",pshih@SGH227R9P9,
09/10/15,8:51:20,(ARCGIS),IN:,"Editor",pshih@SGH227R9P9,
09/10/15,8:51:20,(ARCGIS),IN:,"Editor",pshih@SGH227R9P9,
09/10/15,8:51:20,(ARCGIS),IN:,"VBA",pshih@SGH227R9P9,
09/10/15,8:52:53,(ARCGIS),OUT:,"Editor",pshih@SGH227R9P9,
09/10/15,8:52:57,(ARCGIS),OUT:,"VBA",pshih@SGH227R9P9,
09/10/15,8:53:04,(ARCGIS),OUT:,"Editor",pshih@SGH227R9P9,
09/10/15,8:53:11,(ARCGIS),IN:,"Editor",pshih@SGH227R9P9,
09/10/15,8:53:12,(ARCGIS),IN:,"VBA",pshih@SGH227R9P9,
09/10/15,8:53:12,(ARCGIS),IN:,"Editor",pshih@SGH227R9P9,
09/10/15,8:53:24,(ARCGIS),OUT:,"Editor",pshih@SGH227R9P9,
09/10/15,8:53:25,(ARCGIS),UNSUPPORTED:,"Tracking",mpatel1@SGH227R9P6,License server system does not support this feature. ,
09/10/15,8:53:27,(ARCGIS),OUT:,"VBA",pshih@SGH227R9P9,
09/10/15,8:53:35,(ARCGIS),OUT:,"Editor",pshih@SGH227R9P9,
09/10/15,8:56:01,(ARCGIS),OUT:,"Editor",pshih@SGH227R9P9,
09/10/15,8:56:04,(ARCGIS),OUT:,"VBA",pshih@SGH227R9P9,
09/10/15,8:56:12,(ARCGIS),OUT:,"Editor",pshih@SGH227R9P9,
09/10/15,8:56:41,(ARCGIS),IN:,"Editor",pshih@SGH227R9P9,
09/10/15,8:56:41,(ARCGIS),IN:,"Editor",pshih@SGH227R9P9,
09/10/15,8:56:41,(ARCGIS),IN:,"VBA",pshih@SGH227R9P9,
09/10/15,8:57:14,(ARCGIS),UNSUPPORTED:,"Tracking",pshih@SGH227R9P9,License server system does not support this feature. ,
09/10/15,8:57:45,(ARCGIS),IN:,"Editor",pshih@SGH227R9P9,
09/10/15,8:57:45,(ARCGIS),IN:,"Editor",pshih@SGH227R9P9,
09/10/15,8:57:45,(ARCGIS),IN:,"VBA",pshih@SGH227R9P9,
09/10/15,9:02:15,(ARCGIS),UNSUPPORTED:,"StandardEngine",pshih@SGH227R9P9,License server system does not support this feature. ,
09/10/15,9:02:15,(ARCGIS),UNSUPPORTED:,"GDBEdit",pshih@SGH227R9P9,License server system does not support this feature. ,
09/10/15,9:02:15,(ARCGIS),OUT:,"Viewer",pshih@SGH227R9P9,
09/10/15,9:02:15,(ARCGIS),IN:,"Viewer",pshih@SGH227R9P9,
09/10/15,9:02:29,(ARCGIS),OUT:,"Viewer",pshih@SGH227R9P9,
09/10/15,9:04:33,(ARCGIS),UNSUPPORTED:,"Tracking",mpatel1@SGH227R9P6,License server system does not support this feature. ,
09/10/15,9:16:29,(ARCGIS),UNSUPPORTED:,"Tracking",mpatel1@SGH227R9P6,License server system does not support this feature. ,
09/10/15,9:16:51,(ARCGIS),UNSUPPORTED:,"Tracking",mpatel1@SGH227R9P6,License server system does not support this feature. ,
09/10/15,9:19:49,(ARCGIS),OUT:,"Editor",pshih@SGH227R9P9,
09/10/15,9:19:53,(ARCGIS),OUT:,"VBA",pshih@SGH227R9P9,
09/10/15,9:20:01,(ARCGIS),OUT:,"Editor",pshih@SGH227R9P9,
09/10/15,9:20:19,(ARCGIS),IN:,"Editor",pshih@SGH227R9P9,
09/10/15,9:20:19,(ARCGIS),IN:,"Editor",pshih@SGH227R9P9,
09/10/15,9:20:19,(ARCGIS),IN:,"VBA",pshih@SGH227R9P9,
09/10/15,9:21:29,(ARCGIS),UNSUPPORTED:,"Tracking",smoodley@SGH227R9P2,License server system does not support this feature. ,
09/10/15,9:25:24,(ARCGIS),IN:,"Viewer",pshih@SGH227R9P9,
09/10/15,9:25:40,(ARCGIS),OUT:,"Editor",pshih@SGH227R9P9,
09/10/15,9:25:44,(ARCGIS),OUT:,"VBA",pshih@SGH227R9P9,
09/10/15,9:25:48,(ARCGIS),IN:,"Editor",pshih@SGH227R9P9,
09/10/15,9:25:48,(ARCGIS),IN:,"VBA",pshih@SGH227R9P9,
09/10/15,9:25:53,(ARCGIS),OUT:,"Editor",pshih@SGH227R9P9,
09/10/15,9:25:56,(ARCGIS),OUT:,"VBA",pshih@SGH227R9P9,
09/10/15,9:26:04,(ARCGIS),OUT:,"Editor",pshih@SGH227R9P9,
09/10/15,9:26:25,(ARCGIS),IN:,"Editor",pshih@SGH227R9P9,
09/10/15,9:26:25,(ARCGIS),IN:,"Editor",pshih@SGH227R9P9,
09/10/15,9:26:25,(ARCGIS),IN:,"VBA",pshih@SGH227R9P9,
09/10/15,9:30:25,(ARCGIS),OUT:,"Viewer",smoodley@SGH227R9P2,
09/10/15,9:30:25,(ARCGIS),IN:,"Viewer",smoodley@SGH227R9P2,
09/10/15,9:30:33,(ARCGIS),OUT:,"Editor",pshih@SGH227R9P9,
09/10/15,9:30:37,(ARCGIS),OUT:,"VBA",pshih@SGH227R9P9,
09/10/15,9:30:45,(ARCGIS),OUT:,"Editor",pshih@SGH227R9P9,
09/10/15,9:31:14,(ARCGIS),UNSUPPORTED:,"Tracking",pshih@SGH227R9P9,License server system does not support this feature. ,
09/10/15,9:31:53,(ARCGIS),IN:,"Editor",pshih@SGH227R9P9,
09/10/15,9:31:53,(ARCGIS),IN:,"Editor",pshih@SGH227R9P9,
09/10/15,9:31:53,(ARCGIS),IN:,"VBA",pshih@SGH227R9P9,
09/10/15,9:32:08,(ARCGIS),OUT:,"Editor",pshih@SGH227R9P9,
09/10/15,9:32:11,(ARCGIS),OUT:,"VBA",pshih@SGH227R9P9,
09/10/15,9:32:15,(ARCGIS),IN:,"Editor",pshih@SGH227R9P9,
09/10/15,9:32:15,(ARCGIS),IN:,"VBA",pshih@SGH227R9P9,
09/10/15,9:37:35,(ARCGIS),OUT:,"Editor",pshih@SGH227R9P9,
09/10/15,9:37:39,(ARCGIS),OUT:,"VBA",pshih@SGH227R9P9,
09/10/15,9:37:48,(ARCGIS),OUT:,"Editor",pshih@SGH227R9P9,
09/10/15,9:39:36,(ARCGIS),IN:,"Editor",pshih@SGH227R9P9,
09/10/15,9:39:36,(ARCGIS),IN:,"Editor",pshih@SGH227R9P9,
09/10/15,9:39:36,(ARCGIS),IN:,"VBA",pshih@SGH227R9P9,
09/10/15,9:41:08,(ARCGIS),OUT:,"Editor",pshih@SGH227R9P9,
09/10/15,9:41:11,(ARCGIS),OUT:,"VBA",pshih@SGH227R9P9,
09/10/15,9:41:15,(ARCGIS),IN:,"Editor",pshih@SGH227R9P9,
09/10/15,9:41:15,(ARCGIS),IN:,"VBA",pshih@SGH227R9P9,
09/10/15,9:49:12,(ARCGIS),UNSUPPORTED:,"Tracking",mpatel1@SGH227R9P6,License server system does not support this feature. ,
09/10/15,9:51:09,(ARCGIS),OUT:,"Editor",pshih@SGH227R9P9,
09/10/15,9:51:12,(ARCGIS),OUT:,"VBA",pshih@SGH227R9P9,
09/10/15,9:51:20,(ARCGIS),OUT:,"Editor",pshih@SGH227R9P9,
09/10/15,9:52:22,(ARCGIS),UNSUPPORTED:,"Tracking",pshih@SGH227R9P9,License server system does not support this feature. ,
09/10/15,9:52:45,(ARCGIS),UNSUPPORTED:,"Tracking",mpatel1@SGH227R9P6,License server system does not support this feature. ,
09/10/15,9:56:07,(ARCGIS),UNSUPPORTED:,"Tracking",mpatel1@SGH227R9P6,License server system does not support this feature. ,
09/10/15,9:58:35,(ARCGIS),IN:,"Editor",RZhang@SGH227R9P3,
09/10/15,9:58:44,(ARCGIS),UNSUPPORTED:,"Tracking",mpatel1@SGH227R9P6,License server system does not support this feature. ,
09/10/15,9:59:49,(ARCGIS),IN:,"Editor",smoodley@SGH227R9P2,
09/10/15,10:02:06,(ARCGIS),UNSUPPORTED:,"Tracking",mpatel1@SGH227R9P6,License server system does not support this feature. ,
09/10/15,10:02:57,(ARCGIS),UNSUPPORTED:,"Tracking",mpatel1@SGH227R9P6,License server system does not support this feature. ,
09/10/15,10:24:49,(ARCGIS),IN:,"Editor",ctapp@AUD23904Y1,
09/10/15,10:26:48,(ARCGIS),IN:,"Editor",pshih@SGH227R9P9,
09/10/15,10:26:48,(ARCGIS),IN:,"Editor",pshih@SGH227R9P9,
09/10/15,10:26:48,(ARCGIS),IN:,"VBA",pshih@SGH227R9P9,
09/10/15,10:28:32,(ARCGIS),OUT:,"Publisher",mpatel1@SGH227R9P6,
09/10/15,10:28:46,(ARCGIS),UNSUPPORTED:,"Tracking",mpatel1@SGH227R9P6,License server system does not support this feature. ,
09/10/15,10:29:09,(ARCGIS),OUT:,"Editor",ctapp@AUD23904Y1,
09/10/15,10:29:09,(ARCGIS),OUT:,"VBA",ctapp@AUD23904Y1,
09/10/15,10:29:17,(ARCGIS),OUT:,"Editor",ctapp@AUD23904Y1,
09/10/15,10:29:17,(ARCGIS),OUT:,"VBA",ctapp@AUD23904Y1,
09/10/15,10:31:27,(ARCGIS),UNSUPPORTED:,"Tracking",mpatel1@SGH227R9P6,License server system does not support this feature. ,
09/10/15,10:32:14,(ARCGIS),UNSUPPORTED:,"Tracking",mpatel1@SGH227R9P6,License server system does not support this feature. ,
09/10/15,10:34:08,(ARCGIS),UNSUPPORTED:,"Tracking",mpatel1@SGH227R9P6,License server system does not support this feature. ,
09/10/15,10:34:16,(ARCGIS),UNSUPPORTED:,"Tracking",smoodley@SGH227R9P2,License server system does not support this feature. ,
09/10/15,10:34:21,(ARCGIS),UNSUPPORTED:,"Tracking",mpatel1@SGH227R9P6,License server system does not support this feature. ,
09/10/15,10:34:39,(ARCGIS),IN:,"VBA",ralmeida@SGH402P41Y,
09/10/15,10:34:39,(ARCGIS),IN:,"Editor",ralmeida@SGH402P41Y,
09/10/15,10:36:05,(ARCGIS),OUT:,"Editor",pshih@SGH227R9P9,
09/10/15,10:36:08,(ARCGIS),OUT:,"VBA",pshih@SGH227R9P9,
09/10/15,10:36:16,(ARCGIS),OUT:,"Editor",pshih@SGH227R9P9,
09/10/15,10:36:47,(ARCGIS),UNSUPPORTED:,"StandardEngine",pshih@SGH227R9P9,License server system does not support this feature. ,
09/10/15,10:36:47,(ARCGIS),UNSUPPORTED:,"GDBEdit",pshih@SGH227R9P9,License server system does not support this feature. ,
09/10/15,10:36:47,(ARCGIS),OUT:,"Viewer",pshih@SGH227R9P9,
09/10/15,10:36:47,(ARCGIS),IN:,"Viewer",pshih@SGH227R9P9,
09/10/15,10:36:57,(ARCGIS),OUT:,"Viewer",pshih@SGH227R9P9,
09/10/15,10:37:42,(ARCGIS),OUT:,"Editor",pshih@SGH227R9P9,
09/10/15,10:37:45,(ARCGIS),OUT:,"VBA",pshih@SGH227R9P9,
09/10/15,10:38:17,(ARCGIS),OUT:,"Editor",pshih@SGH227R9P9,
09/10/15,10:41:12,(ARCGIS),UNSUPPORTED:,"Tracking",mpatel1@SGH227R9P6,License server system does not support this feature. ,
09/10/15,10:47:25,(ARCGIS),OUT:,"Editor",ralmeida@SGH402P41Y,
09/10/15,10:47:28,(ARCGIS),OUT:,"VBA",ralmeida@SGH402P41Y,
09/10/15,10:49:12,(ARCGIS),UNSUPPORTED:,"StandardEngine",pshih@SGH227R9P9,License server system does not support this feature. ,
09/10/15,10:49:12,(ARCGIS),UNSUPPORTED:,"GDBEdit",pshih@SGH227R9P9,License server system does not support this feature. ,
09/10/15,10:49:12,(ARCGIS),OUT:,"Viewer",pshih@SGH227R9P9,
09/10/15,10:49:12,(ARCGIS),IN:,"Viewer",pshih@SGH227R9P9,
09/10/15,10:49:23,(ARCGIS),OUT:,"Viewer",pshih@SGH227R9P9,
09/10/15,10:51:08,(ARCGIS),UNSUPPORTED:,"Tracking",mpatel1@SGH227R9P6,License server system does not support this feature. ,
09/10/15,10:52:16,(ARCGIS),UNSUPPORTED:,"Tracking",mpatel1@SGH227R9P6,License server system does not support this feature. ,
09/10/15,10:52:25,(ARCGIS),UNSUPPORTED:,"StandardEngine",pshih@SGH227R9P9,License server system does not support this feature. ,
09/10/15,10:52:25,(ARCGIS),UNSUPPORTED:,"GDBEdit",pshih@SGH227R9P9,License server system does not support this feature. ,
09/10/15,10:52:25,(ARCGIS),OUT:,"Viewer",pshih@SGH227R9P9,
09/10/15,10:52:25,(ARCGIS),IN:,"Viewer",pshih@SGH227R9P9,
09/10/15,10:52:37,(ARCGIS),OUT:,"Viewer",pshih@SGH227R9P9,
09/10/15,10:53:07,(ARCGIS),UNSUPPORTED:,"Tracking",RZhang@SGH227R9P3,License server system does not support this feature. ,
09/10/15,10:54:41,(ARCGIS),UNSUPPORTED:,"Tracking",ralmeida@SGH402P41Y,License server system does not support this feature. ,
09/10/15,10:55:49,(ARCGIS),UNSUPPORTED:,"Tracking",ralmeida@SGH402P41Y,License server system does not support this feature. ,
09/10/15,10:56:45,(ARCGIS),UNSUPPORTED:,"Tracking",ralmeida@SGH402P41Y,License server system does not support this feature. ,
09/10/15,10:57:25,(ARCGIS),UNSUPPORTED:,"Tracking",ralmeida@SGH402P41Y,License server system does not support this feature. ,
09/10/15,10:57:32,(ARCGIS),UNSUPPORTED:,"Tracking",ralmeida@SGH402P41Y,License server system does not support this feature. ,
09/10/15,10:57:56,(ARCGIS),UNSUPPORTED:,"Tracking",ralmeida@SGH402P41Y,License server system does not support this feature. ,
09/10/15,10:58:21,(ARCGIS),IN:,"VBA",ctapp@AUD23904Y1,
09/10/15,10:58:21,(ARCGIS),IN:,"Editor",ctapp@AUD23904Y1,
09/10/15,10:58:22,(ARCGIS),IN:,"VBA",ctapp@AUD23904Y1,
09/10/15,10:58:22,(ARCGIS),IN:,"Editor",ctapp@AUD23904Y1,
09/10/15,11:01:53,(ARCGIS),IN:,"Viewer",pshih@SGH227R9P9,
09/10/15,11:01:55,(ARCGIS),IN:,"Viewer",pshih@SGH227R9P9,
09/10/15,11:01:56,(ARCGIS),IN:,"Viewer",pshih@SGH227R9P9,
09/10/15,11:04:17,(ARCGIS),IN:,"Editor",pshih@SGH227R9P9,
09/10/15,11:04:18,(ARCGIS),IN:,"VBA",pshih@SGH227R9P9,
09/10/15,11:04:18,(ARCGIS),IN:,"Editor",pshih@SGH227R9P9,
09/10/15,11:05:26,(ARCGIS),UNSUPPORTED:,"Tracking",pshih@SGH227R9P9,License server system does not support this feature. ,
09/10/15,11:07:29,(ARCGIS),IN:,"VBA",rvrooyen@SGH227R9PD,
09/10/15,11:07:29,(ARCGIS),IN:,"Editor",rvrooyen@SGH227R9PD,
09/10/15,11:08:00,(ARCGIS),UNSUPPORTED:,"Tracking",ralmeida@SGH402P41Y,License server system does not support this feature. ,
09/10/15,11:08:12,(ARCGIS),UNSUPPORTED:,"Tracking",pshih@SGH227R9P9,License server system does not support this feature. ,
09/10/15,11:08:14,(ARCGIS),UNSUPPORTED:,"Tracking",ralmeida@SGH402P41Y,License server system does not support this feature. ,
09/10/15,11:10:08,(ARCGIS),UNSUPPORTED:,"StandardEngine",pshih@SGH227R9P9,License server system does not support this feature. ,
09/10/15,11:10:08,(ARCGIS),UNSUPPORTED:,"GDBEdit",pshih@SGH227R9P9,License server system does not support this feature. ,
09/10/15,11:10:08,(ARCGIS),OUT:,"Viewer",pshih@SGH227R9P9,
09/10/15,11:10:08,(ARCGIS),IN:,"Viewer",pshih@SGH227R9P9,
09/10/15,11:10:19,(ARCGIS),OUT:,"Viewer",pshih@SGH227R9P9,
09/10/15,11:10:46,(ARCGIS),IN:,"Viewer",pshih@SGH227R9P9,
09/10/15,11:11:13,(ARCGIS),UNSUPPORTED:,"Tracking",pshih@SGH227R9P9,License server system does not support this feature. ,
09/10/15,11:13:59,(ARCGIS),OUT:,"Editor",ctapp@AUD23904Y1,
09/10/15,11:14:01,(ARCGIS),OUT:,"VBA",ctapp@AUD23904Y1,
09/10/15,11:14:11,(ARCGIS),OUT:,"Editor",rvrooyen@SGH227R9PD,
09/10/15,11:14:11,(ARCGIS),OUT:,"VBA",rvrooyen@SGH227R9PD,
09/10/15,11:14:12,(ARCGIS),OUT:,"Editor",ctapp@AUD23904Y1,
09/10/15,11:14:13,(ARCGIS),UNSUPPORTED:,"Tracking",rvrooyen@SGH227R9PD,License server system does not support this feature. ,
09/10/15,11:17:20,(ARCGIS),OUT:,"Editor",ralmeida@SGH402P41Y,
09/10/15,11:17:23,(ARCGIS),OUT:,"VBA",ralmeida@SGH402P41Y,
09/10/15,11:17:34,(ARCGIS),UNSUPPORTED:,"Tracking",pshih@SGH227R9P9,License server system does not support this feature. ,
09/10/15,11:18:21,(ARCGIS),UNSUPPORTED:,"Tracking",ralmeida@SGH402P41Y,License server system does not support this feature. ,
09/10/15,11:22:16,(ARCGIS),UNSUPPORTED:,"Tracking",ralmeida@SGH402P41Y,License server system does not support this feature. ,
09/10/15,11:27:46,(ARCGIS),UNSUPPORTED:,"Tracking",ralmeida@SGH402P41Y,License server system does not support this feature. ,
09/10/15,11:43:36,(ARCGIS),OUT:,"Editor",ralmeida@SGH402P41Y,
09/10/15,11:43:36,(ARCGIS),OUT:,"VBA",ralmeida@SGH402P41Y,
09/10/15,11:43:37,(ARCGIS),UNSUPPORTED:,"Tracking",ralmeida@SGH402P41Y,License server system does not support this feature. ,
09/10/15,11:56:45,(ARCGIS),IN:,"VBA",rvrooyen@SGH227R9PD,
09/10/15,11:56:45,(ARCGIS),IN:,"Editor",rvrooyen@SGH227R9PD,
09/10/15,12:38:28,(ARCGIS),IN:,"Editor",pshih@SGH227R9P9,
09/10/15,12:58:00,(ARCGIS),IN:,"ARC/INFO",mpatel1@SGH227R9P6,
09/10/15,12:58:00,(ARCGIS),IN:,"Publisher",mpatel1@SGH227R9P6,
09/10/15,13:10:47,(ARCGIS),OUT:,"Editor",ralmeida@SGH402P41Y,
09/10/15,13:10:51,(ARCGIS),OUT:,"VBA",ralmeida@SGH402P41Y,
09/10/15,13:11:18,(ARCGIS),UNSUPPORTED:,"Tracking",ralmeida@SGH402P41Y,License server system does not support this feature. ,
09/10/15,13:15:07,(ARCGIS),IN:,"Editor",ctapp@AUD23904Y1,
09/10/15,13:24:20,(ARCGIS),OUT:,"Editor",ctapp@AUD23904Y1,
09/10/15,13:24:24,(ARCGIS),OUT:,"VBA",ctapp@AUD23904Y1,
09/10/15,13:24:41,(ARCGIS),OUT:,"Editor",ctapp@AUD23904Y1,
09/10/15,13:25:00,(ARCGIS),OUT:,"Editor",rvrooyen@SGH227R9PD,
09/10/15,13:25:14,(ARCGIS),OUT:,"VBA",rvrooyen@SGH227R9PD,
09/10/15,13:25:22,(ARCGIS),OUT:,"Editor",rvrooyen@SGH227R9PD,
09/10/15,13:26:07,(ARCGIS),UNSUPPORTED:,"Tracking",rvrooyen@SGH227R9PD,License server system does not support this feature. ,
09/10/15,13:26:29,(ARCGIS),UNSUPPORTED:,"Tracking",rvrooyen@SGH227R9PD,License server system does not support this feature. ,
09/10/15,13:27:22,(ARCGIS),UNSUPPORTED:,"Tracking",rvrooyen@SGH227R9PD,License server system does not support this feature. ,
09/10/15,13:27:36,(ARCGIS),UNSUPPORTED:,"Tracking",rvrooyen@SGH227R9PD,License server system does not support this feature. ,
09/10/15,13:27:59,(ARCGIS),UNSUPPORTED:,"Tracking",rvrooyen@SGH227R9PD,License server system does not support this feature. ,
09/10/15,13:28:18,(ARCGIS),UNSUPPORTED:,"Tracking",rvrooyen@SGH227R9PD,License server system does not support this feature. ,
09/10/15,13:35:11,(ARCGIS),IN:,"VBA",ralmeida@SGH402P41Y,
09/10/15,13:35:11,(ARCGIS),IN:,"Editor",ralmeida@SGH402P41Y,
09/10/15,13:43:50,(ARCGIS),IN:,"Editor",rvrooyen@SGH227R9PD,
09/10/15,13:43:51,(ARCGIS),IN:,"VBA",rvrooyen@SGH227R9PD,
09/10/15,13:43:51,(ARCGIS),IN:,"Editor",rvrooyen@SGH227R9PD,
09/10/15,13:49:24,(ARCGIS),OUT:,"ARC/INFO",rvrooyen@SGH227R9PD,
09/10/15,13:50:03,(ARCGIS),OUT:,"ARC/INFO",mpatel1@SGH227R9P6,
09/10/15,13:51:29,(ARCGIS),IN:,"ARC/INFO",rvrooyen@SGH227R9PD,
09/10/15,13:51:31,(ARCGIS),OUT:,"ARC/INFO",rvrooyen@SGH227R9PD,
09/10/15,13:52:11,(ARCGIS),OUT:,"Editor",ralmeida@SGH402P41Y,
09/10/15,13:52:15,(ARCGIS),OUT:,"VBA",ralmeida@SGH402P41Y,
09/10/15,13:56:53,(ARCGIS),OUT:,"Viewer",ralmeida@SGH402P41Y,
09/10/15,13:56:53,(ARCGIS),IN:,"Viewer",ralmeida@SGH402P41Y,
09/10/15,14:19:23,(ARCGIS),IN:,"ARC/INFO",mpatel1@SGH227R9P6,
09/10/15,14:26:24,(ARCGIS),IN:,"Editor",ctapp@AUD23904Y1,
09/10/15,14:26:25,(ARCGIS),IN:,"VBA",ctapp@AUD23904Y1,
09/10/15,14:26:25,(ARCGIS),IN:,"Editor",ctapp@AUD23904Y1,
09/10/15,14:26:37,(ARCGIS),IN:,"VBA",mpatel1@SGH227R9P6,
09/10/15,14:26:37,(ARCGIS),IN:,"ARC/INFO",mpatel1@SGH227R9P6,
09/10/15,14:26:37,(ARCGIS),IN:,"Publisher",mpatel1@SGH227R9P6,
09/10/15,14:29:02,(ARCGIS),OUT:,"Editor",rvrooyen@SGH227R9PD,
09/10/15,14:29:02,(ARCGIS),IN:,"Editor",rvrooyen@SGH227R9PD,
09/10/15,14:29:03,(ARCGIS),OUT:,"Editor",rvrooyen@SGH227R9PD,
09/10/15,14:29:05,(ARCGIS),IN:,"Editor",rvrooyen@SGH227R9PD,
09/10/15,14:35:17,(ARCGIS),IN:,"VBA",ctapp@AUD23904Y1,
09/10/15,14:35:17,(ARCGIS),IN:,"Editor",ctapp@AUD23904Y1,
09/10/15,14:40:19,(ARCGIS),OUT:,"ARC/INFO",mpatel1@SGH227R9P6,
09/10/15,14:40:20,(ARCGIS),OUT:,"VBA",mpatel1@SGH227R9P6,
09/10/15,14:40:20,(ARCGIS),UNSUPPORTED:,"Tracking",mpatel1@SGH227R9P6,License server system does not support this feature. ,
09/10/15,14:42:42,(ARCGIS),IN:,"VBA",mpatel1@SGH227R9P6,
09/10/15,14:42:42,(ARCGIS),IN:,"ARC/INFO",mpatel1@SGH227R9P6,
09/10/15,14:42:55,(ARCGIS),OUT:,"Editor",ctapp@AUD23904Y1,
09/10/15,14:42:57,(ARCGIS),OUT:,"VBA",ctapp@AUD23904Y1,
09/10/15,14:43:07,(ARCGIS),OUT:,"Editor",ctapp@AUD23904Y1,
09/10/15,14:51:15,(ARCGIS),OUT:,"ARC/INFO",mpatel1@SGH227R9P6,
09/10/15,14:51:16,(ARCGIS),OUT:,"VBA",mpatel1@SGH227R9P6,
09/10/15,14:51:16,(ARCGIS),UNSUPPORTED:,"Tracking",mpatel1@SGH227R9P6,License server system does not support this feature. ,
09/10/15,14:55:05,(ARCGIS),IN:,"VBA",mpatel1@SGH227R9P6,
09/10/15,14:55:05,(ARCGIS),IN:,"ARC/INFO",mpatel1@SGH227R9P6,
09/10/15,14:59:46,(ARCGIS),OUT:,"Editor",ralmeida@SGH402P41Y,
09/10/15,14:59:50,(ARCGIS),OUT:,"VBA",ralmeida@SGH402P41Y,
09/10/15,15:00:18,(ARCGIS),UNSUPPORTED:,"Tracking",ralmeida@SGH402P41Y,License server system does not support this feature. ,
09/10/15,15:07:07,(ARCGIS),OUT:,"ARC/INFO",mpatel1@SGH227R9P6,
09/10/15,15:07:11,(ARCGIS),OUT:,"VBA",mpatel1@SGH227R9P6,
09/10/15,15:07:12,(ARCGIS),OUT:,"Publisher",mpatel1@SGH227R9P6,
09/10/15,15:07:18,(ARCGIS),OUT:,"ARC/INFO",mpatel1@SGH227R9P6,
09/10/15,15:08:00,(ARCGIS),UNSUPPORTED:,"Tracking",mpatel1@SGH227R9P6,License server system does not support this feature. ,
09/10/15,15:14:40,(ARCGIS),DENIED:,"ARC/INFO",snaidoo@SGH227R9PB,Licensed number of users already reached. ,
09/10/15,15:14:40,(ARCGIS),DENIED:,"ARC/INFO",snaidoo@SGH227R9PB,Licensed number of users already reached. ,
09/10/15,15:14:40,(ARCGIS),OUT:,"Editor",snaidoo@SGH227R9PB,
09/10/15,15:15:09,(ARCGIS),IN:,"Editor",snaidoo@SGH227R9PB,
09/10/15,15:15:48,(ARCGIS),DENIED:,"ARC/INFO",snaidoo@SGH227R9PB,Licensed number of users already reached. ,
09/10/15,15:15:48,(ARCGIS),DENIED:,"ARC/INFO",snaidoo@SGH227R9PB,Licensed number of users already reached. ,
09/10/15,15:15:48,(ARCGIS),OUT:,"Editor",snaidoo@SGH227R9PB,
09/10/15,15:15:58,(ARCGIS),IN:,"Editor",snaidoo@SGH227R9PB,
09/10/15,15:16:10,(ARCGIS),DENIED:,"ARC/INFO",snaidoo@SGH227R9PB,Licensed number of users already reached. ,
09/10/15,15:16:10,(ARCGIS),DENIED:,"ARC/INFO",snaidoo@SGH227R9PB,Licensed number of users already reached. ,
09/10/15,15:16:10,(ARCGIS),OUT:,"Editor",snaidoo@SGH227R9PB,
09/10/15,15:17:09,(ARCGIS),IN:,"Editor",snaidoo@SGH227R9PB,
09/10/15,15:19:52,(ARCGIS),OUT:,"Editor",snaidoo@SGH227R9PB,
09/10/15,15:19:52,(ARCGIS),OUT:,"VBA",snaidoo@SGH227R9PB,
09/10/15,15:19:53,(ARCGIS),DENIED:,"ARC/INFO",snaidoo@SGH227R9PB,Licensed number of users already reached. ,
09/10/15,15:19:53,(ARCGIS),DENIED:,"ARC/INFO",snaidoo@SGH227R9PB,Licensed number of users already reached. ,
09/10/15,15:19:53,(ARCGIS),OUT:,"Editor",snaidoo@SGH227R9PB,
09/10/15,15:19:56,(ARCGIS),OUT:,"Editor",snaidoo@SGH227R9PB,
09/10/15,15:19:58,(ARCGIS),UNSUPPORTED:,"Tracking",snaidoo@SGH227R9PB,License server system does not support this feature. ,
09/10/15,15:20:12,(ARCGIS),IN:,"Editor",snaidoo@SGH227R9PB,
09/10/15,15:20:40,(ARCGIS),DENIED:,"ARC/INFO",snaidoo@SGH227R9PB,Licensed number of users already reached. ,
09/10/15,15:20:40,(ARCGIS),DENIED:,"ARC/INFO",snaidoo@SGH227R9PB,Licensed number of users already reached. ,
09/10/15,15:20:40,(ARCGIS),OUT:,"Editor",snaidoo@SGH227R9PB,
09/10/15,15:21:08,(ARCGIS),IN:,"Editor",snaidoo@SGH227R9PB,
09/10/15,15:21:11,(ARCGIS),OUT:,"ARC/INFO",mpatel1@SGH227R9P6,
09/10/15,15:21:11,(ARCGIS),OUT:,"VBA",mpatel1@SGH227R9P6,
09/10/15,15:21:12,(ARCGIS),UNSUPPORTED:,"Tracking",mpatel1@SGH227R9P6,License server system does not support this feature. ,
09/10/15,15:22:16,(ARCGIS),DENIED:,"ARC/INFO",snaidoo@SGH227R9PB,Licensed number of users already reached. ,
09/10/15,15:22:16,(ARCGIS),DENIED:,"ARC/INFO",snaidoo@SGH227R9PB,Licensed number of users already reached. ,
09/10/15,15:22:16,(ARCGIS),OUT:,"Editor",snaidoo@SGH227R9PB,
09/10/15,15:23:27,(ARCGIS),IN:,"Editor",snaidoo@SGH227R9PB,
09/10/15,15:23:43,(ARCGIS),DENIED:,"ARC/INFO",snaidoo@SGH227R9PB,Licensed number of users already reached. ,
09/10/15,15:23:43,(ARCGIS),DENIED:,"ARC/INFO",snaidoo@SGH227R9PB,Licensed number of users already reached. ,
09/10/15,15:23:43,(ARCGIS),OUT:,"Editor",snaidoo@SGH227R9PB,
09/10/15,15:24:07,(ARCGIS),DENIED:,"ARC/INFO",snaidoo@SGH227R9PB,Licensed number of users already reached. ,
09/10/15,15:24:07,(ARCGIS),DENIED:,"ARC/INFO",snaidoo@SGH227R9PB,Licensed number of users already reached. ,
09/10/15,15:24:07,(ARCGIS),OUT:,"Editor",snaidoo@SGH227R9PB,
09/10/15,15:25:22,(ARCGIS),IN:,"Editor",snaidoo@SGH227R9PB,
09/10/15,15:25:25,(ARCGIS),IN:,"Editor",snaidoo@SGH227R9PB,
09/10/15,15:27:03,(ARCGIS),IN:,"Editor",snaidoo@SGH227R9PB,
09/10/15,15:27:05,(ARCGIS),IN:,"VBA",snaidoo@SGH227R9PB,
09/10/15,15:27:05,(ARCGIS),IN:,"Editor",snaidoo@SGH227R9PB,
09/10/15,15:27:09,(ARCGIS),DENIED:,"ARC/INFO",snaidoo@SGH227R9PB,Licensed number of users already reached. ,
09/10/15,15:27:09,(ARCGIS),DENIED:,"ARC/INFO",snaidoo@SGH227R9PB,Licensed number of users already reached. ,
09/10/15,15:27:09,(ARCGIS),OUT:,"Editor",snaidoo@SGH227R9PB,
